Bib,Name,Country,gender,Division,Overall Time,Overall Rank,Gender Rank,Age Group Rank,Swim Time,Swim Rank,Gender Swim Rank,Age Group Swim Rank,Bike Time,Bike Rank,Gender Bike Rank,Age Group Bike Rank,Run Time,Run Rank,Gender Run Rank,Age Group Run Rank,Transition 1 Time,Transition 1 Rank,Gender Transition 1 Rank,Age Group Transition 1 Rank,Transition 2 Time,Transition 2 Rank,Gender Transition 2 Rank,Age Group Transition 2 Rank,Finish,Qualifier Time,Qualifier Rank,Qualified
1419,Sang Whan Oh,Korea,Male,M50-54,09:46:15,3,3,1,01:18:16,107,96,16,04:50:01,2,2,1,03:26:26,3,3,1,00:4:38,52,49,11,00:6:54,187,160,30,FIN,08:47:44,1,1
1584,Toma Alexandru,Romania,Male,M30-34,09:18:12,1,1,1,00:50:43,1,1,1,04:47:34,1,1,1,03:31:00,8,8,2,00:4:14,29,27,2,00:4:42,93,83,8,FIN,09:18:12,2,1
1565,Kenro Kobayashi,Japan,Male,M65-69,12:19:54,85,82,1,01:23:11,164,143,1,06:22:38,117,111,2,04:23:08,72,68,1,00:7:03,149,132,2,00:3:55,74,64,2,FIN,09:18:46,3,1
1555,Franck Vuaillat,France,Male,M60-64,11:22:10,49,48,1,01:09:21,44,41,1,05:52:23,63,60,2,04:08:07,51,48,1,00:6:41,135,119,3,00:5:39,137,118,3,FIN,09:23:36,4,1
1138,Juan Antonio Gomez Gonzalez,Spain,Male,M30-34,09:28:03,2,2,2,01:01:41,11,11,2,04:59:32,3,3,2,03:20:33,1,1,1,00:3:47,14,14,1,00:2:31,16,14,2,FIN,09:28:03,5,
1446,Hans Gallmeier,Germany,Male,M50-54,10:32:06,16,16,2,01:18:23,109,98,17,05:23:30,10,10,2,03:42:36,19,19,2,00:5:42,94,82,15,00:1:56,4,4,1,FIN,09:29:00,6,1
1027,Andreas Meyer,Germany,Male,M60-64,11:36:27,52,51,2,01:23:36,170,149,4,05:47:06,57,55,1,04:17:19,66,63,2,00:5:49,99,87,2,00:2:37,21,17,1,FIN,09:35:24,7,
1026,Fernando Carmo,Portugal,Male,M55-59,11:05:21,34,34,1,01:21:58,141,124,11,05:30:41,22,22,1,04:01:13,37,36,1,00:6:03,106,94,6,00:5:27,121,105,9,FIN,09:36:39,8,1
1024,Hamish Deery,Australia,Male,M50-54,10:51:53,26,26,3,01:11:04,57,53,3,05:38:04,34,33,4,03:54:57,32,31,3,00:4:37,50,47,10,00:3:11,45,37,3,FIN,09:46:49,9,1
1563,Tomoshige Ikeda,Japan,Male,M65-69,12:57:24,122,112,2,01:25:08,186,162,2,06:37:47,166,157,3,04:39:39,105,95,2,00:7:30,174,156,3,00:7:20,207,176,7,FIN,09:47:05,10,
1261,Hiroki Sugimoto,Japan,Male,M40-44,10:08:12,6,6,1,00:53:26,2,2,1,05:40:04,38,37,12,03:23:32,2,2,1,00:3:49,16,16,5,00:7:21,208,177,43,FIN,09:48:55,11,1
1508,Craig Brighouse,New Zealand,Male,M55-59,11:20:40,44,44,2,01:08:14,38,35,5,05:51:56,62,59,3,04:14:01,60,57,2,00:3:47,15,15,1,00:2:41,26,21,2,FIN,09:49:56,12,1
1005,Tom D'Hoossche,Belgium,Male,M45-49,10:29:25,15,15,1,01:08:28,40,37,6,05:35:28,29,28,3,03:39:03,17,17,2,00:3:40,13,13,4,00:2:45,31,25,5,FIN,09:51:42,13,1
1004,Cyril Bedat,Singapore,Male,M40-44,10:12:27,7,7,2,01:01:19,9,9,4,05:30:16,21,21,6,03:32:48,10,10,4,00:5:04,69,65,15,00:3:00,40,32,12,FIN,09:53:02,14,1
1036,Jonas Thuerig,Switzerland,Male,M35-39,10:03:20,4,4,1,01:06:35,22,21,6,05:12:44,4,4,1,03:38:26,16,16,3,00:3:39,12,12,2,00:1:57,5,5,1,FIN,09:56:59,15,1
1472,Masaki Kusunoki,Japan,Male,M50-54,11:03:29,32,32,4,01:12:30,63,58,6,05:43:54,47,46,6,03:56:16,34,33,4,00:7:26,167,149,20,00:3:23,49,41,5,FIN,09:57:16,16,
1300,Yoshihiro Wada,Japan,Male,M40-44,10:19:10,8,8,3,01:07:34,29,26,9,05:35:44,30,29,10,03:28:05,4,4,2,00:4:05,21,20,7,00:3:43,62,53,17,FIN,09:59:32,17,1
1088,Terumasa Matsuda,Japan,Male,M25-29,10:05:35,5,5,1,01:06:21,21,20,3,05:21:51,7,7,1,03:31:27,9,9,1,00:3:31,10,10,2,00:2:25,11,10,2,FIN,10:00:47,18,1
1596,Yongjin Kim,Korea,Male,M40-44,10:20:29,10,10,4,01:20:35,132,116,27,05:14:26,6,6,2,03:38:08,15,15,5,00:5:15,76,69,16,00:2:05,8,7,2,FIN,10:00:48,19,
1463,Jonty Summers,United Kingdom,Male,M50-54,11:07:56,36,36,5,01:11:40,61,57,4,05:40:49,43,42,5,04:07:19,47,45,7,00:4:04,20,19,2,00:4:04,80,70,9,FIN,10:01:16,20,
1455,Matt Lewis,Australia,Male,M50-54,11:08:07,37,37,6,01:13:55,71,65,9,05:25:13,13,13,3,04:21:54,71,67,11,00:3:23,7,7,1,00:3:42,60,51,7,FIN,10:01:26,21,
1260,Yasuhiro Moriyama,Japan,Male,M40-44,10:21:23,12,12,5,01:09:18,43,40,12,05:25:51,14,14,4,03:40:01,18,18,6,00:3:11,4,4,3,00:3:02,42,34,13,FIN,10:01:41,22,
1061,Hata Kenzaburo,Japan,Male,M45-49,10:41:39,22,22,2,01:06:07,19,18,2,05:59:08,79,74,13,03:29:39,6,6,1,00:4:41,56,52,10,00:2:04,6,6,1,FIN,10:03:12,23,1
1448,Shigenobu Hayashi,Japan,Male,M50-54,11:11:35,39,39,7,01:10:05,50,47,2,05:51:15,61,58,8,04:01:44,38,37,5,00:5:29,87,77,14,00:3:01,41,33,2,FIN,10:04:33,24,
1609,Satowa Ota,Thailand,Female,F45-49,11:54:01,65,2,1,01:18:24,110,12,4,06:38:11,169,11,2,03:44:31,23,1,1,00:6:37,128,14,2,00:6:18,156,22,8,FIN,10:06:59,25,1
1467,Naoko Yokota,Japan,Female,F50-54,12:33:48,98,5,1,01:19:11,119,14,1,06:27:33,131,8,1,04:31:42,87,7,1,00:7:25,165,18,1,00:7:57,230,33,3,FIN,10:12:27,26,1
1039,Daniel Cruz Bardera,Spain,Male,M35-39,10:19:43,9,9,2,00:57:15,5,5,2,05:37:42,32,31,8,03:36:51,13,13,2,00:5:01,66,62,12,00:2:53,37,30,5,FIN,10:13:12,27,1
1072,Alejandro Rodriguez Comas,Brazil,Male,M65-69,13:35:24,165,146,3,01:29:02,229,202,6,06:18:00,108,103,1,05:34:18,228,200,4,00:6:48,144,127,1,00:7:17,203,172,5,FIN,10:15:47,28,
1554,Akio Yamauchi,Japan,Male,M60-64,12:28:08,93,90,3,01:30:45,249,220,7,06:04:23,87,82,3,04:36:44,97,89,3,00:8:46,250,222,5,00:7:29,212,181,5,FIN,10:18:06,29,
1594,Johan Nyberg,Sweden,Male,M40-44,10:38:52,19,19,6,01:04:03,15,14,7,05:49:52,59,57,21,03:29:56,7,7,3,00:4:20,37,35,11,00:10:41,337,295,61,FIN,10:18:36,30,
1040,Hisato Nakahara,Japan,Male,M35-39,10:25:15,13,13,3,01:04:59,17,16,4,05:23:43,12,12,3,03:49:40,27,26,4,00:4:11,25,23,3,00:2:42,27,22,4,FIN,10:18:41,31,
1009,Dougin Walker,United States,Male,M55-59,11:54:57,67,65,3,00:56:00,4,4,1,06:02:52,84,79,7,04:40:53,110,100,7,00:6:12,114,102,7,00:9:00,279,241,24,FIN,10:19:38,32,
1279,Kodo Hiramatsu,Taiwan,Male,M40-44,10:40:01,20,20,7,01:00:42,8,8,3,05:40:49,42,41,15,03:51:55,29,28,10,00:4:11,26,24,8,00:2:23,10,9,3,FIN,10:19:43,33,
1108,Kent Cross,Australia,Male,M30-34,10:20:44,11,11,3,01:07:16,25,23,3,05:28:30,17,17,3,03:33:58,11,11,3,00:5:50,102,90,7,00:5:11,110,98,10,FIN,10:20:44,34,
1058,Hiromoto Taguchi,Japan,Male,M45-49,11:00:26,29,29,3,01:09:50,49,46,8,05:52:50,64,61,9,03:44:22,22,22,3,00:7:39,183,163,29,00:5:46,142,122,21,FIN,10:20:52,35,1
1603,Gaku Ito,Japan,Male,M45-49,11:02:47,31,31,4,01:19:26,122,107,18,05:39:08,35,34,4,03:55:04,33,32,4,00:5:36,92,80,12,00:3:33,55,46,8,FIN,10:23:04,36,
1069,Dean Ratcliffe,United Kingdom,Male,M55-59,11:59:40,71,69,4,01:02:41,12,12,2,05:32:43,24,24,2,05:17:20,187,163,13,00:4:05,22,21,2,00:2:52,36,29,3,FIN,10:23:44,37,
1013,Thiti Thongsa-At,Thailand,Male,M30-34,10:26:37,14,14,4,01:08:09,36,33,5,05:36:20,31,30,4,03:35:18,12,12,4,00:5:07,71,66,6,00:1:44,3,3,1,FIN,10:26:37,38,
1515,Guy Dru Drury,United Kingdom,Male,M55-59,12:06:29,76,74,5,01:20:12,126,110,9,05:54:38,68,65,4,04:40:33,109,99,6,00:6:26,122,110,8,00:4:41,92,82,5,FIN,10:29:38,39,
1037,Trent Harding,Australia,Male,M35-39,10:38:00,17,17,4,00:55:18,3,3,1,05:28:53,19,19,6,04:05:37,42,41,7,00:4:15,33,31,4,00:3:57,76,66,10,FIN,10:31:18,40,
1600,Dongmyoung Kim,Korea,Male,M40-44,10:52:06,27,27,8,01:13:09,67,61,15,05:45:23,53,51,19,03:44:46,24,23,7,00:6:04,107,95,27,00:2:44,29,23,8,FIN,10:31:25,41,
1169,Hendrik Simm,Germany,Male,M35-39,10:38:50,18,18,5,00:59:43,7,7,3,05:22:22,8,8,2,04:09:58,54,51,11,00:4:19,36,34,5,00:2:27,14,12,3,FIN,10:32:07,42,
1021,Paul Cameron,United Kingdom,Male,M45-49,11:14:46,40,40,5,01:11:27,59,55,11,05:57:46,76,71,12,03:59:52,36,35,5,00:3:16,5,5,2,00:2:25,12,11,2,FIN,10:34:20,43,
1573,Yuichi Okazaki,Japan,Male,M70-74,15:25:25,310,276,1,01:51:44,496,436,2,07:57:54,424,379,2,05:17:50,188,164,1,00:11:12,422,372,1,00:6:45,181,154,1,FIN,10:36:18,44,1
1580,Nikita Trikoz,Unknown,Male,M25-29,10:41:38,21,21,2,01:05:35,18,17,2,05:43:46,46,45,4,03:43:13,20,20,3,00:4:30,46,43,5,00:4:34,88,78,6,FIN,10:36:33,45,
1243,Omura Akinobu,Japan,Male,M40-44,10:59:01,28,28,9,01:08:07,35,32,10,05:57:54,77,72,23,03:47:27,25,24,8,00:2:58,2,2,1,00:2:35,19,16,5,FIN,10:38:07,46,
1557,Yoshihisa Takase,Japan,Male,M60-64,12:54:58,118,109,4,01:23:05,162,141,3,06:24:35,122,116,4,04:58:59,144,125,5,00:4:52,58,54,1,00:3:27,51,43,2,FIN,10:40:16,47,
1618,Teck Loon Tan,Singapore,Male,M45-49,11:21:24,46,46,6,01:07:39,30,27,5,05:47:14,58,56,7,04:15:05,64,61,9,00:6:46,138,122,20,00:4:40,91,81,14,FIN,10:40:35,48,
1018,Juan Francisco López Garrido,Spain,Female,M45-49,11:21:44,47,1,7,01:12:41,64,6,12,05:50:42,60,3,8,04:07:47,48,3,6,00:3:52,17,1,5,00:6:41,178,27,27,FIN,10:40:53,49,
1375,Haoyun Kuo,Taiwan,Male,M45-49,11:21:47,48,47,8,01:11:01,56,52,9,05:45:37,55,53,6,04:12:54,58,55,7,00:6:48,142,125,22,00:5:27,122,106,19,FIN,10:40:56,50,
1429,Cauwelier Pascal,Belgium,Male,M50-54,11:52:20,64,63,8,01:31:23,259,228,41,05:45:24,54,52,7,04:24:15,75,70,12,00:5:59,104,92,17,00:5:19,115,101,16,FIN,10:41:14,51,
1271,Muhammad Azmir Bin Taib,Malaysia,Male,M40-44,11:02:44,30,30,10,01:16:21,94,83,22,05:28:35,18,18,5,04:07:51,49,46,13,00:6:05,108,96,28,00:3:52,69,59,19,FIN,10:41:43,52,
1001,Sangho Lee,Korea,Male,M35-39,10:49:09,25,25,6,01:10:08,51,48,10,05:26:29,15,15,4,04:06:55,46,44,9,00:3:32,11,11,1,00:2:06,9,8,2,FIN,10:42:20,53,
1101,Fanchen Zeng,China,Male,M25-29,10:47:54,23,23,3,01:14:46,78,70,7,05:40:24,40,39,3,03:43:59,21,21,4,00:5:03,68,64,7,00:3:42,59,50,4,FIN,10:42:46,54,
1450,Takumi Kato,Japan,Male,M50-54,11:55:43,69,67,9,01:15:24,84,74,12,06:25:49,126,120,17,04:06:39,44,42,6,00:4:35,49,46,9,00:3:16,47,39,4,FIN,10:44:17,55,
1533,Taijirou Sueishi,Japan,Male,M55-59,12:24:51,88,85,6,01:25:21,188,164,16,06:23:03,119,113,10,04:27:54,82,76,3,00:4:37,51,48,4,00:3:56,75,65,4,FIN,10:45:33,56,
1051,Adrien Beauvisage,France,Male,M40-44,11:06:48,35,35,11,01:15:23,83,73,19,05:39:55,37,36,11,04:01:57,39,38,12,00:5:49,98,86,24,00:3:44,63,54,18,FIN,10:45:39,57,
1585,Mohammad Shamsuzzaman Arafat,Bangladesh,Male,M30-34,10:48:13,24,24,5,01:08:29,41,38,6,05:41:25,44,43,6,03:51:07,28,27,5,00:4:14,30,28,3,00:2:57,38,31,3,FIN,10:48:13,58,
1015,Kyle Arnold,United States,Male,M40-44,11:10:59,38,38,12,01:07:21,26,24,8,05:22:34,9,9,3,04:35:12,91,84,19,00:4:12,27,25,9,00:1:40,2,2,1,FIN,10:49:42,59,
1575,Shinichi Muranaka,Japan,Male,M75-79,16:05:11,371,331,1,01:38:32,377,331,2,07:57:19,421,376,2,06:16:54,346,305,1,00:8:51,255,227,1,00:3:35,57,48,1,FIN,10:53:14,60,1
1491,Wonseok Jang,Korea,Male,M50-54,12:05:58,75,73,10,01:20:15,127,111,20,06:22:57,118,112,14,04:10:47,56,53,8,00:6:26,121,109,19,00:5:32,128,110,19,FIN,10:53:30,61,
1016,Bruno Otávio Menezes Da Luz,Brazil,Male,M40-44,11:14:55,41,41,13,01:01:20,10,10,5,05:40:33,41,40,14,04:27:06,79,73,17,00:3:17,6,6,4,00:2:39,24,19,7,FIN,10:53:31,62,
1531,Kuniyuki Ohtsuka,Japan,Female,M55-59,12:34:17,101,6,7,01:21:31,137,17,10,05:56:29,72,4,5,05:08:48,165,23,10,00:5:04,70,5,5,00:2:25,13,2,1,FIN,10:53:44,63,
1268,Yoshitaka Imamura,Japan,Male,M40-44,11:17:19,42,42,14,00:59:39,6,6,2,05:31:53,23,23,7,04:37:38,99,90,20,00:4:14,31,29,10,00:3:55,73,63,21,FIN,10:55:50,64,
1619,Muhd Hafiz Md Yusup,Malaysia,Male,M35-39,11:03:41,33,33,7,01:18:28,111,99,15,05:30:03,20,20,7,04:06:41,45,43,8,00:5:00,65,61,11,00:3:29,52,44,6,FIN,10:56:42,65,
1267,Shu-Wei Kuo,Taiwan,Male,M40-44,11:20:47,45,45,15,01:15:36,87,77,20,06:08:44,98,93,26,03:47:53,26,25,9,00:5:18,78,71,17,00:3:15,46,38,14,FIN,10:59:12,66,
1010,Crystal Pei Qi Ng,Malaysia,Female,F25-29,12:17:53,84,3,1,01:26:03,194,25,4,06:26:05,129,7,2,04:17:39,67,4,2,00:5:14,75,7,2,00:2:51,35,7,3,FIN,11:01:13,67,1
1019,Meiting Jong,Malaysia,Female,F45-49,12:59:46,126,11,2,01:31:12,256,31,5,06:43:39,187,13,4,04:37:29,98,9,4,00:5:21,79,8,1,00:2:04,7,1,1,FIN,11:02:52,68,1
1385,Youngju Lee,Korea,Female,F45-49,13:01:08,127,12,3,01:15:01,80,9,2,06:38:01,167,10,1,04:52:59,133,17,6,00:9:38,309,33,9,00:5:29,124,17,7,FIN,11:04:02,69,1
1417,Daisuke Nojima,Japan,Male,M45-49,11:47:10,58,57,9,01:07:01,23,22,3,05:55:42,70,67,11,04:36:25,95,87,13,00:4:14,32,30,8,00:3:49,66,56,9,FIN,11:04:48,70,
1425,Takio Fukumoto,Japan,Male,M50-54,12:20:52,86,83,11,01:31:48,266,235,42,06:07:39,95,90,12,04:27:33,80,74,13,00:8:45,249,221,34,00:5:06,107,95,15,FIN,11:06:55,71,
1545,Keiko Nakakarumai,Japan,Female,F55-59,14:19:30,218,25,1,01:20:07,125,16,3,07:32:01,355,37,2,05:09:11,166,24,1,00:9:59,341,37,3,00:8:11,245,34,3,FIN,11:08:31,72,1
1074,Masayoshi Watanabe,Japan,Male,M75-79,16:31:17,411,365,2,01:43:06,419,366,3,08:08:48,453,406,3,06:26:17,368,326,2,00:8:55,257,229,2,00:4:10,83,73,2,FIN,11:10:54,73,
1070,Clarence Chan,Singapore,Male,M55-59,12:54:38,115,106,8,01:34:35,312,276,24,06:33:32,150,142,12,04:31:20,85,79,4,00:6:47,140,124,11,00:8:25,254,219,20,FIN,11:11:22,74,
1210,Quoc Tuan Dang,Vietnam,Male,M35-39,11:19:31,43,43,8,01:17:33,101,90,13,06:00:31,81,76,12,03:52:41,30,29,5,00:4:59,64,60,10,00:3:46,65,55,8,FIN,11:12:22,75,
1104,Ruiwen Xie,China,Female,F25-29,12:31:08,94,4,2,01:27:58,208,26,5,06:34:56,155,9,3,04:06:26,43,2,1,00:7:41,184,21,4,00:14:06,415,50,6,FIN,11:13:05,76,1
1066,Peter Khoo,Malaysia,Male,M50-54,12:27:44,92,89,12,01:34:14,309,274,45,06:30:40,142,134,21,04:14:15,63,60,10,00:4:25,41,39,8,00:4:11,84,74,11,FIN,11:13:06,77,
1497,Eri Ogi,Japan,Female,F50-54,13:49:24,178,21,2,01:37:23,362,45,6,07:02:52,256,23,3,04:45:56,123,15,2,00:10:23,372,43,5,00:12:50,389,47,6,FIN,11:13:53,78,1
1386,lv li,China,Female,F45-49,13:12:59,139,15,4,01:35:42,330,37,8,06:58:10,240,21,5,04:25:23,78,6,2,00:8:32,240,28,7,00:5:12,112,13,4,FIN,11:14:06,79,1
1570,Shigeki Sakamoto,Japan,Male,M65-69,14:52:58,262,230,4,01:28:23,218,191,5,08:04:08,445,399,11,05:07:03,161,140,3,00:7:42,187,166,4,00:5:43,140,121,3,FIN,11:14:22,80,
1052,Marlon Ancheta,Philippines,Male,M45-49,11:59:41,72,70,10,01:22:30,147,129,23,06:07:33,94,89,17,04:19:18,68,64,10,00:6:05,109,97,13,00:4:15,86,76,13,FIN,11:16:34,81,
1564,Kazutoshi Shimanaka,Japan,Male,M65-69,14:55:54,265,233,5,01:33:20,289,256,8,06:54:21,229,210,4,06:09:42,329,289,8,00:9:27,298,266,9,00:9:04,283,245,9,FIN,11:16:35,82,
1568,Toshikazu Kobayashi,Japan,Male,M65-69,14:57:08,267,235,6,01:44:29,425,372,11,07:23:51,329,297,7,05:35:25,233,203,5,00:9:33,306,274,10,00:3:50,67,57,1,FIN,11:17:30,83,
1373,Tadashi Iida,Japan,Male,M45-49,12:00:42,73,71,11,01:02:47,13,13,1,05:54:23,67,64,10,04:56:19,138,120,17,00:3:56,18,17,6,00:3:17,48,40,7,FIN,11:17:31,84,
1384,Masami Suzuki,Japan,Female,F45-49,13:19:01,146,16,5,01:16:20,93,11,3,06:42:37,184,12,3,05:07:17,163,22,7,00:7:32,178,19,5,00:5:15,113,14,5,FIN,11:19:14,85,1
1023,Honda Toshiya,Japan,Female,M50-54,12:35:47,103,7,13,01:18:57,115,13,18,05:57:42,75,5,11,05:06:14,160,21,25,00:7:34,179,20,22,00:5:19,116,15,17,FIN,11:20:21,86,
1479,Wei Ming Belinda So,Hong Kong,Female,F50-54,13:58:44,194,24,3,01:31:02,253,30,2,06:46:22,197,14,2,05:18:05,190,25,3,00:13:15,476,59,9,00:9:59,312,41,5,FIN,11:21:28,87,1
1219,ABDUL RAHMAN BIN ABU HASSAN RAHMAN,Malaysia,Male,M40-44,11:44:07,55,54,16,01:13:45,69,63,16,05:32:51,25,25,8,04:49:38,129,113,24,00:5:24,81,73,18,00:2:28,15,13,4,FIN,11:21:47,88,
1007,Jay Beckley,New Zealand,Male,M50-54,12:38:14,107,100,14,01:08:17,39,36,1,05:56:42,73,69,10,05:20:33,195,170,30,00:4:06,23,22,3,00:8:36,261,225,39,FIN,11:22:33,89,
1298,Minagawa Takayuki,Japan,Male,M40-44,11:45:53,56,55,17,01:13:58,72,66,17,06:12:21,103,98,27,04:07:59,50,47,14,00:7:18,158,141,37,00:4:16,87,77,22,FIN,11:23:30,90,
1310,Kim Woo Il,Korea,Male,M40-44,11:45:58,57,56,18,01:25:03,185,161,36,05:35:02,28,27,9,04:33:26,88,81,18,00:6:08,111,99,29,00:6:18,155,134,33,FIN,11:23:35,91,
1610,Aleksandr Lazarev,Uzbekistan,Male,M45-49,12:07:25,78,76,12,01:07:31,28,25,4,05:33:42,26,26,2,05:20:04,193,168,23,00:3:30,9,9,3,00:2:39,25,20,4,FIN,11:23:50,92,
1049,Azzath Faizal,United Kingdom,Male,M40-44,11:47:12,59,58,19,01:31:06,255,225,52,06:05:06,89,84,25,03:58:41,35,34,11,00:5:42,95,83,22,00:6:37,174,150,37,FIN,11:24:46,93,
1561,Mitsuo Watanabe,Japan,Female,M60-64,13:50:05,180,22,5,01:29:53,240,28,6,07:04:51,259,24,7,04:53:38,134,18,4,00:10:54,405,49,10,00:10:48,341,43,8,FIN,11:25:48,94,
1547,Mike Ball,New Zealand,Male,M60-64,13:50:11,182,160,6,01:29:22,235,208,5,06:45:19,193,180,5,05:21:32,197,171,6,00:7:10,153,136,4,00:6:48,185,158,4,FIN,11:25:53,95,
1574,Hisashi Wakasa,Japan,Male,M70-74,16:37:46,424,376,2,01:34:55,317,281,1,07:25:13,336,303,1,07:14:14,445,396,2,00:14:18,493,433,2,00:9:07,288,250,2,FIN,11:26:03,96,
1496,Oleg Rybkin,Unknown,Male,M50-54,12:42:08,110,102,15,01:20:24,128,112,21,05:55:38,69,66,9,05:11:17,172,148,27,00:4:15,34,32,4,00:10:34,331,289,47,FIN,11:26:04,97,
1569,Tatsuro Yasukawa,Japan,Male,M65-69,15:08:37,281,248,7,01:33:30,294,261,9,07:19:38,318,289,5,05:59:39,296,258,7,00:8:31,239,212,5,00:7:19,206,175,6,FIN,11:26:11,98,
1539,Yasutaka Ueki,Japan,Male,M55-59,13:12:37,137,123,9,01:23:07,163,142,14,06:18:46,110,105,9,05:14:39,180,156,12,00:7:55,203,180,19,00:8:10,243,210,18,FIN,11:26:57,99,
1179,Hyungeun Kang,Korea,Male,M35-39,11:34:26,51,50,9,01:08:42,42,39,9,05:28:24,16,16,5,04:45:13,119,107,20,00:4:26,42,40,6,00:7:41,218,187,21,FIN,11:27:08,100,
1048,Andrea De Caprio,Italy,Male,M40-44,11:50:45,61,60,20,01:09:36,47,44,13,05:44:24,50,49,17,04:49:03,127,112,23,00:4:58,62,58,13,00:2:44,30,24,9,FIN,11:28:13,101,
1251,Jung Kie,Indonesia,Male,M40-44,11:51:11,62,61,21,01:18:06,104,93,24,05:46:38,56,54,20,04:38:01,102,92,21,00:5:35,91,79,20,00:2:50,33,27,10,FIN,11:28:38,102,
1093,Aimi Iwasaki Muhammad Moritoshi,Malaysia,Female,F25-29,12:49:26,112,9,3,01:10:32,53,4,2,06:46:54,198,15,4,04:44:49,118,12,3,00:4:38,54,4,1,00:2:32,18,3,1,FIN,11:29:29,103,1
1068,Seiji Yamauchi,Japan,Male,M55-59,13:17:31,144,129,10,01:24:19,178,155,15,06:56:23,234,215,20,04:39:35,104,94,5,00:7:50,196,174,18,00:9:23,296,257,27,FIN,11:31:12,104,
1418,Akiko Wakabayashi,Japan,Female,F45-49,13:33:06,162,19,6,01:14:40,77,8,1,07:20:31,320,30,7,04:37:57,101,10,5,00:11:45,439,55,12,00:8:12,247,35,10,FIN,11:31:12,105,1
1349,Francis Leong,Singapore,Male,M45-49,12:15:47,83,81,13,01:24:12,175,154,26,06:12:20,102,97,19,04:28:40,83,77,12,00:6:31,126,113,16,00:4:05,81,71,12,FIN,11:31:42,106,
1140,Lev Zhidkov,Unknown,Male,M30-34,11:32:30,50,49,6,01:12:52,65,59,9,05:59:07,78,73,8,04:11:22,57,54,8,00:4:54,59,55,4,00:4:15,85,75,6,FIN,11:32:30,107,
1087,Danish Affan Hasnul Basri,Malaysia,Male,M25-29,11:39:59,53,52,4,01:17:29,99,88,8,06:03:49,85,80,7,04:10:14,55,52,6,00:5:23,80,72,8,00:3:05,43,35,3,FIN,11:34:27,108,
1559,Hiroko Takasaka,Japan,Female,F60-64,16:03:21,368,40,1,01:22:49,155,20,1,07:28:14,347,36,1,06:41:49,402,45,2,00:16:25,521,62,2,00:14:03,414,49,2,FIN,11:35:20,109,1
1487,Takayuki Miura,Japan,Male,M50-54,12:54:44,116,107,16,01:14:03,73,67,10,06:24:56,124,118,16,04:56:12,137,119,20,00:11:31,433,381,59,00:8:02,235,202,37,FIN,11:37:24,110,
1033,Yen Chia,Malaysia,Female,F30-34,12:56:54,120,10,1,01:24:43,182,24,1,07:00:15,247,22,1,04:23:50,74,5,1,00:5:31,88,11,1,00:2:35,20,4,1,FIN,11:37:25,111,1
1620,Nazrol Hakim,Malaysia,Male,M25-29,11:43:48,54,53,5,01:10:08,52,49,5,05:52:56,65,62,6,04:29:26,84,78,7,00:5:26,84,75,9,00:5:51,145,125,8,FIN,11:38:14,112,
1427,Wei keong Jong,Malaysia,Male,M50-54,12:56:46,119,110,17,01:31:22,258,227,40,06:24:13,121,115,15,04:40:00,107,97,17,00:12:35,454,399,62,00:8:37,263,227,40,FIN,11:39:14,113,
1028,Dasharath Jadhav,India,Male,M65-69,15:26:30,314,280,8,01:32:58,279,247,7,07:46:05,393,351,9,05:47:50,262,229,6,00:9:03,270,239,7,00:10:34,330,288,11,FIN,11:39:41,114,
1449,Taku Kashiwagi,Japan,Male,M50-54,12:57:43,123,113,18,01:22:54,156,136,25,06:38:39,172,161,25,04:38:04,103,93,16,00:9:28,299,267,43,00:8:37,264,228,41,FIN,11:40:06,115,
1339,Jamie Kam Yee Chook,Malaysia,Female,F45-49,13:43:45,175,20,7,01:32:23,271,32,6,07:21:38,323,31,8,04:36:24,94,8,3,00:8:15,221,27,6,00:5:05,106,12,3,FIN,11:40:16,116,1
1592,Eiko Hibino,Japan,Female,F35-39,13:09:52,135,13,1,01:22:59,157,21,2,06:51:11,214,18,2,04:45:25,120,13,2,00:6:47,141,17,2,00:3:30,53,9,1,FIN,11:40:17,117,1
1178,Pedro Machado,Portugal,Male,M35-39,11:47:55,60,59,10,01:07:58,33,30,8,06:04:31,88,83,13,04:23:24,73,69,14,00:6:28,125,112,18,00:5:34,131,113,14,FIN,11:40:29,118,
1025,Chee Kiang Ang,Malaysia,Male,M55-59,13:28:43,156,139,11,01:34:53,316,280,25,06:43:09,185,173,15,04:57:54,141,122,9,00:7:17,157,140,13,00:5:30,126,109,10,FIN,11:40:54,119,
1020,Morten Halkjær,Denmark,Male,M45-49,12:27:21,90,87,14,01:15:31,86,76,13,05:23:34,11,11,1,05:40:10,245,214,32,00:5:15,77,70,11,00:2:50,34,28,6,FIN,11:42:35,120,
1228,Chris Lambe,United Kingdom,Male,M40-44,12:05:39,74,72,22,01:19:11,118,105,26,05:43:57,48,47,16,04:46:43,125,110,22,00:9:30,300,268,65,00:6:18,157,135,34,FIN,11:42:38,121,
1443,Keiji Fukumura,Thailand,Male,M50-54,13:02:06,128,116,19,01:25:41,189,165,32,06:40:15,175,164,26,04:34:50,90,83,14,00:11:42,436,383,60,00:9:37,302,263,43,FIN,11:44:02,122,
1473,Tsuyoshi Ohtani,Japan,Male,M50-54,13:03:36,130,118,20,01:22:34,150,131,23,06:48:48,204,188,31,04:37:50,100,91,15,00:9:32,304,272,45,00:4:52,97,87,13,FIN,11:45:23,123,
1073,Nozomu Kaneko,Japan,Male,M65-69,15:34:13,330,293,9,01:37:05,359,316,10,07:21:08,321,291,6,06:20:11,350,308,9,00:8:48,252,224,6,00:7:02,193,165,4,FIN,11:45:31,124,
1613,Huaizhi Li,China,Male,M50-54,13:04:06,131,119,21,01:19:08,116,103,19,06:28:20,134,126,18,04:55:49,136,118,19,00:9:21,285,254,38,00:11:29,358,314,53,FIN,11:45:50,125,
1006,Vito Tagliente,Italy,Male,M50-54,13:04:11,132,120,22,01:23:53,172,151,29,06:29:53,138,130,20,04:59:01,145,126,22,00:5:49,100,88,16,00:5:35,132,114,20,FIN,11:45:55,126,
1186,Arifur Rahman,Bangladesh,Male,M35-39,11:54:09,66,64,11,01:13:36,68,62,11,06:22:16,116,110,19,04:09:34,53,50,10,00:4:49,57,53,9,00:3:53,70,60,9,FIN,11:46:39,127,
1103,Chew Huey Ming,Malaysia,Female,F25-29,13:10:48,136,14,4,01:39:09,387,49,6,06:19:52,112,6,1,04:56:59,139,19,4,00:8:11,216,24,5,00:6:37,175,25,4,FIN,11:48:38,128,1
1402,Azhar Anuar,Malaysia,Male,M45-49,12:33:59,99,94,15,01:21:00,134,118,21,05:39:31,36,35,5,05:15:41,183,159,22,00:6:23,120,108,15,00:11:24,352,308,58,FIN,11:48:49,129,
1056,Sin Hoo Ooi,Malaysia,Male,M45-49,12:34:14,100,95,16,01:29:05,231,204,35,06:36:00,162,153,26,04:14:14,62,59,8,00:8:28,234,207,39,00:6:26,168,145,25,FIN,11:49:03,130,
1579,Chee Yong Lim,Malaysia,Male,M25-29,11:55:28,68,66,6,01:04:49,16,15,1,06:09:40,99,94,8,04:35:55,93,86,9,00:3:27,8,8,1,00:1:36,1,1,1,FIN,11:49:48,131,
1323,Joao Serodio,Portugal,Male,M45-49,12:35:26,102,96,17,01:18:38,112,100,16,06:22:04,114,108,20,04:43:09,115,104,16,00:6:39,133,118,18,00:4:57,101,90,16,FIN,11:50:10,132,
1587,Šimon Tejkal,Czechia,Male,M35-39,11:58:50,70,68,12,01:23:59,174,153,20,06:23:49,120,114,20,04:02:31,41,40,6,00:4:30,47,44,7,00:4:00,78,68,11,FIN,11:51:17,133,
1113,Yusaku Kawata,Japan,Male,M30-34,11:51:24,63,62,7,01:09:33,46,43,7,05:37:54,33,32,5,04:49:46,130,114,13,00:8:21,226,199,17,00:5:50,144,124,14,FIN,11:51:24,134,
1456,小野寺 毅,Japan,Male,M50-54,13:12:51,138,124,23,01:15:39,88,78,13,07:27:30,346,311,50,04:13:56,59,56,9,00:10:10,351,313,53,00:5:36,133,115,21,FIN,11:53:43,135,
1159,Leanne Kok,Malaysia,Female,F35-39,13:26:25,152,17,2,01:15:04,81,10,1,07:12:53,291,29,4,04:41:27,112,11,1,00:10:22,370,42,4,00:6:40,177,26,2,FIN,11:54:58,136,1
1451,Privacy_Request_1401640 Privacy_Request_1401640,Japan,Male,M50-54,13:17:03,142,127,24,01:41:42,407,356,60,06:40:20,177,166,27,04:46:35,124,109,18,00:4:21,38,36,6,00:4:05,82,72,10,FIN,11:57:30,137,
1438,Wai Leng Leong,Malaysia,Female,F50-54,14:43:11,252,29,4,01:36:59,356,43,5,07:25:52,338,34,4,05:21:17,196,26,4,00:11:13,424,52,7,00:7:49,223,32,2,FIN,11:57:35,138,1
1147,Tomoyuki Yokota,Japan,Male,M35-39,12:06:48,77,75,13,01:14:11,74,68,12,05:54:01,66,63,10,04:45:35,121,108,21,00:5:14,74,68,13,00:7:47,222,191,22,FIN,11:59:10,139,
1552,Yasuyo Kikuoka,Japan,Female,F60-64,16:36:37,420,48,2,01:34:14,310,36,2,08:06:14,448,47,2,06:35:06,395,44,1,00:10:48,396,46,1,00:10:14,321,42,1,FIN,11:59:21,140,1
1440,Muhammad Fauzi Othman,Malaysia,Male,M50-54,13:21:28,148,132,25,01:16:05,91,81,15,06:38:12,170,159,24,05:03:10,151,132,23,00:4:21,39,37,7,00:19:40,472,418,64,FIN,12:01:28,141,
1529,Hock Yin Chan,Malaysia,Male,M55-59,13:53:04,186,163,12,01:32:51,277,245,22,06:50:36,208,191,17,05:11:48,173,149,11,00:6:57,145,128,12,00:10:52,346,302,31,FIN,12:02:01,142,
1482,Yin Sang Yau,Singapore,Male,M50-54,13:22:33,150,134,26,01:27:16,203,178,33,06:31:13,143,135,22,05:05:13,155,135,24,00:10:42,391,346,55,00:8:09,241,208,38,FIN,12:02:27,143,
1205,Shinnosuke Arita,Japan,Male,M35-39,12:11:36,79,77,14,01:33:01,281,249,33,06:07:44,96,91,15,04:15:28,65,62,13,00:9:10,279,248,36,00:6:13,152,131,17,FIN,12:03:55,144,
1588,Mohd Mustafa,Malaysia,Male,M35-39,12:11:38,80,78,15,01:31:44,265,234,30,06:12:05,100,95,16,04:14:13,61,58,12,00:7:20,161,144,22,00:6:15,154,133,18,FIN,12:03:57,145,
1184,Keisuke Shirosaka,Japan,Male,M35-39,12:12:33,81,79,16,01:06:20,20,19,5,05:41:46,45,44,9,05:14:05,178,154,31,00:6:42,136,120,19,00:3:39,58,49,7,FIN,12:04:51,146,
1354,Kyungho Lee,Korea,Male,M45-49,12:52:35,114,105,18,01:25:00,183,159,28,06:50:02,206,189,32,04:24:52,77,72,11,00:7:58,206,183,31,00:4:43,94,84,15,FIN,12:06:18,147,
1507,Naoki Fujimoto,Japan,Male,M55-59,13:58:17,193,170,13,01:39:48,389,340,29,06:35:26,159,150,13,05:26:09,205,179,14,00:10:07,347,309,29,00:6:47,184,157,13,FIN,12:06:32,148,
1288,Muhammad Nadzrul Shah Salim,Singapore,Male,M40-44,12:31:10,95,91,23,01:30:00,243,215,48,05:56:24,71,68,22,04:54:03,135,117,25,00:5:45,96,84,23,00:4:58,102,91,25,FIN,12:07:21,149,
1222,Paul Walshe,Ireland,Male,M40-44,12:31:29,97,93,24,01:14:57,79,71,18,05:40:15,39,38,13,05:26:22,209,182,40,00:6:02,105,93,26,00:3:54,72,62,20,FIN,12:07:39,150,
1057,Oswald Wong,Singapore,Male,M45-49,12:54:57,117,108,19,01:32:14,270,239,44,06:31:53,146,138,24,04:36:28,96,88,14,00:6:46,139,123,21,00:7:35,215,184,30,FIN,12:08:31,151,
1516,Takanori Kajiwara,Japan,Male,M55-59,14:04:13,199,175,14,01:42:41,415,364,34,07:13:01,293,264,24,04:44:02,117,106,8,00:16:19,520,459,41,00:8:10,244,211,19,FIN,12:11:40,152,
1522,Naohiko Takeshita,Japan,Male,M55-59,14:04:25,200,176,15,01:30:12,244,216,21,06:12:54,104,99,8,06:05:26,317,277,20,00:10:54,406,357,31,00:5:00,104,93,7,FIN,12:11:51,153,
1008,Jill Walker,United States,Female,F55-59,15:42:01,338,38,2,01:19:23,121,15,2,07:09:27,279,28,1,07:05:10,438,49,4,00:5:26,85,10,2,00:2:37,22,5,1,FIN,12:12:42,154,1
1034,Napoleon Tolentino,Philippines,Male,M30-34,12:13:08,82,80,8,01:28:54,228,201,22,06:08:11,97,92,10,04:27:54,81,75,9,00:5:02,67,63,5,00:3:08,44,36,4,FIN,12:13:08,155,
1567,Masao Kikuoka,Japan,Male,M65-69,16:12:33,385,342,10,01:27:43,206,181,4,07:49:25,403,360,10,06:36:16,396,352,10,00:9:03,271,240,8,00:10:05,316,275,10,FIN,12:14:28,156,
1599,Magnus Nyberg,Sweden,Female,M40-44,12:39:38,108,8,25,01:03:00,14,1,6,05:44:30,51,2,18,05:43:37,252,32,55,00:5:33,90,12,19,00:2:58,39,8,11,FIN,12:15:33,157,
1188,Nur Farihah Hassan,Malaysia,Female,F35-39,13:50:54,183,23,3,01:33:44,300,35,4,06:57:53,239,20,3,04:49:16,128,16,3,00:10:53,403,48,6,00:19:07,467,54,6,FIN,12:16:40,158,1
1150,Mohamad Hazuwan Haris,Malaysia,Male,M35-39,12:25:48,89,86,17,01:19:26,123,108,16,06:07:31,93,88,14,04:43:48,116,105,19,00:6:48,143,126,20,00:8:16,251,216,26,FIN,12:17:58,159,
1562,Lee Woon Khow,Malaysia,Male,M65-69,16:19:45,391,348,11,01:26:49,201,176,3,07:41:35,380,339,8,06:49:48,421,375,11,00:13:04,474,416,11,00:8:29,257,222,8,FIN,12:19:54,160,
1102,Yusuke Nakamura,Japan,Male,M25-29,12:27:23,91,88,7,01:09:39,48,45,4,05:44:56,52,50,5,05:18:35,191,166,11,00:4:40,55,51,6,00:9:33,301,262,14,FIN,12:21:28,161,
1622,Mishu Biswas,Bangladesh,Male,M30-34,12:21:48,87,84,9,01:36:29,345,306,32,06:41:04,180,169,16,03:52:54,31,30,6,00:7:57,204,181,13,00:3:23,50,42,5,FIN,12:21:48,162,
1227,Hui Zhou,China,Male,M40-44,12:47:26,111,103,26,01:35:57,335,297,64,06:36:54,164,155,45,04:21:18,70,66,16,00:7:36,180,160,45,00:5:41,139,120,32,FIN,12:23:06,163,
1321,Kazuma Tanaka,Japan,Male,M45-49,13:16:13,141,126,20,01:28:32,222,195,34,06:30:10,139,131,22,05:01:47,150,131,18,00:8:17,222,195,36,00:7:26,211,180,29,FIN,12:28:31,164,
1358,Julius Hibrada,Philippines,Male,M45-49,13:17:25,143,128,21,01:11:20,58,54,10,06:29:01,136,128,21,05:23:46,201,175,24,00:8:13,220,194,35,00:5:06,108,96,17,FIN,12:29:39,165,
1187,Daisuke Noishiki,Japan,Male,M35-39,12:37:43,106,99,18,01:38:35,378,332,47,07:06:48,267,242,34,03:29:31,5,5,1,00:14:36,501,440,60,00:8:13,248,213,25,FIN,12:29:45,166,
1500,Takayasu Hirai,Japan,Female,M55-59,14:25:53,226,26,16,01:07:13,24,2,3,06:52:49,221,19,19,06:04:28,311,40,19,00:11:33,434,53,33,00:9:50,309,40,29,FIN,12:30:27,167,
1447,Jason Roberts,Australia,Male,M50-54,13:53:44,188,165,27,01:22:13,144,127,22,06:19:29,111,106,13,06:01:16,302,263,43,00:6:10,112,100,18,00:4:36,89,79,12,FIN,12:30:31,168,
1092,Zeliang Guo,China,Male,M25-29,12:37:12,105,98,8,01:50:02,482,423,18,06:47:58,199,184,12,03:38:01,14,14,2,00:10:55,407,358,18,00:10:15,323,281,15,FIN,12:31:13,169,
1062,Amer Hamzah Arshad,Malaysia,Male,M50-54,13:54:32,189,166,28,01:35:37,328,292,47,06:52:52,223,204,35,04:58:54,143,124,21,00:7:54,201,178,26,00:19:15,469,415,63,FIN,12:31:14,170,
1114,Jia Hee Lee,Malaysia,Male,M30-34,12:31:23,96,92,10,01:51:19,493,433,36,05:44:13,49,48,7,04:39:59,106,96,11,00:9:31,302,270,23,00:6:20,160,137,15,FIN,12:31:23,171,
1550,Yuji Inoue,Japan,Male,M60-64,15:10:24,285,251,7,01:19:13,120,106,2,06:55:33,231,212,6,06:34:51,394,351,11,00:9:01,263,234,6,00:11:46,364,320,9,FIN,12:32:10,172,
1359,Norah Uzez,Malaysia,Female,F45-49,14:44:49,253,30,8,01:36:13,337,39,10,07:24:26,333,33,9,05:28:00,215,28,8,00:9:42,312,34,10,00:6:28,170,24,9,FIN,12:32:10,173,1
1038,FIRDAUS SELAMAT,Malaysia,Male,M35-39,12:40:55,109,101,19,01:36:13,338,299,39,06:18:13,109,104,17,04:31:29,86,80,16,00:5:47,97,85,16,00:9:12,290,252,32,FIN,12:32:55,174,
1526,Azusa Ishii,Japan,Female,F55-59,16:08:25,380,43,3,01:14:32,76,7,1,08:38:53,491,55,5,05:51:41,269,35,2,00:11:09,418,50,5,00:12:10,371,45,4,FIN,12:33:14,175,1
1317,Ikuko Shiga,Japan,Female,F40-44,14:28:42,235,27,1,01:42:55,418,53,4,06:49:03,205,17,1,05:34:46,230,29,3,00:12:59,472,58,6,00:8:59,277,38,4,FIN,12:36:22,176,1
1139,Mohamad Shadidi Zikri Hasan Hilmi,Malaysia,Male,M30-34,12:36:26,104,97,11,01:21:49,139,122,15,06:25:03,125,119,13,04:34:11,89,82,10,00:9:43,315,281,24,00:5:40,138,119,12,FIN,12:36:26,177,
1485,Takeshi Tomioka,Japan,Male,M50-54,14:00:20,195,171,29,01:13:46,70,64,8,06:45:31,194,181,29,05:29:33,218,190,34,00:14:41,504,443,72,00:16:49,445,393,59,FIN,12:36:28,178,
1607,Kristine Mae Tan,Philippines,Female,F45-49,14:52:27,260,31,9,01:33:43,299,34,7,07:26:56,343,35,10,05:36:17,236,31,9,00:6:40,134,16,4,00:8:51,273,37,11,FIN,12:38:40,179,
1361,Wendy Ng,Malaysia,Female,F45-49,14:52:45,261,32,10,01:36:44,351,40,11,07:09:03,277,27,6,05:50:54,267,34,10,00:10:40,387,45,11,00:5:25,120,16,6,FIN,12:38:55,180,
1030,John Athan,Australia,Male,M18-24,13:03:20,129,117,1,01:16:33,95,84,2,05:56:52,74,70,1,05:41:58,249,218,5,00:5:10,72,67,2,00:2:46,32,26,1,FIN,12:39:40,181,1
1535,Simon Cross,United Kingdom,Male,M55-59,14:37:34,246,218,17,01:16:09,92,82,6,06:29:16,137,129,11,06:40:57,401,357,28,00:4:27,43,41,3,00:6:46,183,156,12,FIN,12:40:35,182,
1374,Pietro Doretto,Italy,Male,M45-49,13:30:58,158,140,22,01:16:52,97,86,14,06:06:43,90,85,14,05:55:58,283,245,43,00:7:25,166,148,27,00:4:00,79,69,11,FIN,12:42:23,183,
1474,Byung Kyu Jung,Korea,Male,M50-54,14:07:07,202,178,30,01:15:12,82,72,11,06:35:40,160,151,23,05:59:21,293,255,41,00:9:25,296,264,41,00:7:29,213,182,32,FIN,12:42:34,184,
1254,Asami Suzuki,Japan,Female,F40-44,14:37:01,245,28,2,01:24:15,176,22,1,07:46:51,396,43,3,05:04:09,152,20,1,00:14:29,495,61,7,00:7:16,202,31,3,FIN,12:43:37,185,1
1537,Sato Tomonori,Japan,Male,M55-59,14:41:11,247,219,18,01:33:13,286,253,23,07:01:45,254,232,22,05:48:05,264,231,17,00:9:24,290,258,24,00:8:44,268,232,22,FIN,12:43:43,186,
1376,Chingshui Chen,Taiwan,Male,M45-49,13:32:31,160,142,23,01:21:44,138,121,22,07:11:25,286,258,43,04:40:26,108,98,15,00:9:50,330,296,50,00:9:06,287,249,44,FIN,12:43:50,187,
1095,Sang Yu Lim,Malaysia,Male,M25-29,12:50:18,113,104,9,01:41:08,405,354,16,06:45:17,192,179,11,04:08:17,52,49,5,00:6:12,115,103,10,00:9:24,298,259,13,FIN,12:44:12,188,
1462,Otoya Kodaka,Japan,Male,M50-54,14:08:59,204,180,31,01:25:00,184,160,31,07:00:33,250,228,38,05:25:34,204,178,32,00:11:08,417,368,57,00:6:44,180,153,28,FIN,12:44:15,189,
1532,Mohd Khairi Khairuddin,Malaysia,Male,M55-59,14:42:15,249,221,19,01:22:28,146,128,13,07:01:12,252,230,21,05:51:07,268,234,18,00:9:33,305,273,26,00:17:55,455,403,39,FIN,12:44:38,190,
1399,Satoshi Waku,Japan,Male,M45-49,13:34:50,164,145,24,01:34:42,314,278,52,06:06:47,91,86,15,05:37:44,237,206,29,00:8:56,258,230,43,00:6:41,179,152,28,FIN,12:46:01,191,
1478,Chong Yune Leng,Malaysia,Female,F50-54,15:46:06,342,39,5,01:44:42,428,54,8,07:49:50,404,44,5,05:55:09,282,38,6,00:10:06,346,38,4,00:6:19,159,23,1,FIN,12:48:42,192,1
1464,Mazlan Hassan,Singapore,Male,M50-54,14:14:03,211,187,32,01:37:01,358,315,53,06:42:27,182,171,28,05:28:08,216,188,33,00:9:31,303,271,44,00:16:57,446,394,60,FIN,12:48:48,193,
1401,Thomas Meincke,Denmark,Male,M45-49,13:38:06,168,149,25,01:28:10,213,187,31,06:44:15,189,176,30,05:04:39,153,133,19,00:11:10,421,371,75,00:9:52,310,270,50,FIN,12:49:05,194,
1175,Mohamad Akram Ghazali,Malaysia,Male,M35-39,12:59:04,125,115,20,01:26:26,197,172,22,06:19:56,113,107,18,04:58:04,142,123,25,00:8:13,219,193,29,00:6:24,165,142,19,FIN,12:50:53,195,
1096,Cheng Jun Wen,Malaysia,Male,M25-29,12:58:41,124,114,10,01:34:04,304,269,13,06:41:03,179,168,10,04:35:14,92,85,8,00:4:28,45,42,4,00:3:53,71,61,5,FIN,12:52:31,196,
1445,Weng Siang Ong,Malaysia,Male,M50-54,14:19:13,217,193,33,01:33:11,284,251,43,07:05:31,262,237,40,05:20:31,194,169,29,00:10:04,344,307,51,00:9:55,311,271,44,FIN,12:53:28,197,
1235,Mohammad Hafidz Jamaluddin,Malaysia,Male,M40-44,13:19:18,147,131,27,01:24:38,180,157,35,06:02:34,83,78,24,05:35:02,232,202,46,00:3:07,3,3,2,00:13:56,411,363,78,FIN,12:53:57,198,
1065,Paolo Mercado,Philippines,Male,M50-54,14:20:31,219,194,34,01:35:41,329,293,48,06:45:52,195,182,30,05:41:17,248,217,38,00:7:26,171,153,21,00:10:14,322,280,46,FIN,12:54:38,199,
1264,Iman Ismail,Indonesia,Male,M40-44,13:22:04,149,133,28,01:15:43,89,79,21,06:36:46,163,154,44,05:15:36,182,158,35,00:6:15,117,105,32,00:7:44,219,188,45,FIN,12:56:38,200,
1153,Nicholas Ong,Malaysia,Male,M35-39,13:05:08,133,121,21,01:23:26,168,147,19,06:38:40,173,162,24,04:51:35,132,116,23,00:4:31,48,45,8,00:6:56,189,162,20,FIN,12:56:53,201,
1125,Sohta Tanaka,Japan,Male,M30-34,12:57:23,121,111,12,01:10:58,55,51,8,06:22:10,115,109,11,05:05:21,156,136,16,00:9:54,335,301,25,00:8:59,278,240,22,FIN,12:57:23,202,
1253,Fathi Junaidi,Brazil,Male,M40-44,13:23:36,151,135,29,01:21:18,136,120,29,06:25:53,127,121,30,05:09:44,169,145,31,00:10:49,398,352,81,00:15:52,440,388,85,FIN,12:58:07,203,
1468,Tiong Meng Sih,Singapore,Male,M50-54,14:26:18,229,203,35,01:40:16,395,346,57,06:52:04,219,201,34,05:38:49,241,210,37,00:8:32,241,213,32,00:6:38,176,151,27,FIN,12:59:50,204,
1553,Chau Chun Poon,Malaysia,Male,M60-64,15:45:00,340,302,8,01:35:43,332,295,8,07:43:45,387,345,8,06:02:44,306,267,8,00:14:07,492,432,12,00:8:41,266,230,7,FIN,13:00:45,205,
1489,Takiguchi Katsuyuki,Japan,Male,M50-54,14:27:27,234,208,36,01:28:32,220,193,36,07:16:21,306,277,47,05:19:25,192,167,28,00:12:56,470,413,63,00:10:13,319,278,45,FIN,13:00:52,206,
1249,Swee Hau Keng,Malaysia,Male,M40-44,13:28:41,155,138,30,01:26:29,198,173,38,06:31:13,144,136,35,05:01:19,149,130,27,00:12:28,453,398,88,00:17:13,447,395,87,FIN,13:03:02,207,
1494,Taira Nozaki,Japan,Male,M50-54,14:31:04,237,210,37,01:49:40,479,420,73,07:16:01,305,276,46,05:07:37,164,142,26,00:9:45,318,284,48,00:8:02,234,201,36,FIN,13:04:08,208,
1466,由理 新井田,Japan,Female,F50-54,16:05:31,373,41,6,01:36:58,355,42,4,08:16:44,467,50,7,05:34:59,231,30,5,00:12:48,460,56,8,00:24:02,487,55,7,FIN,13:04:28,209,1
1382,Edwin Ng,Malaysia,Male,M45-49,13:54:47,190,167,26,01:29:58,242,214,38,06:12:05,101,96,18,05:47:40,260,227,35,00:14:50,507,446,91,00:10:13,320,279,54,FIN,13:04:46,210,
1435,Wan Fadhlan Wan Mahmood,Malaysia,Male,M50-54,14:32:11,239,212,38,01:36:27,343,304,50,07:07:30,269,244,41,05:22:06,198,172,31,00:11:07,415,366,56,00:15:02,429,377,58,FIN,13:05:08,211,
1137,Hafiz Ariffin,Malaysia,Male,M30-34,13:05:30,134,122,13,01:41:01,404,353,34,06:24:38,123,117,12,04:42:28,114,103,12,00:10:19,367,326,28,00:7:06,194,166,17,FIN,13:05:30,212,
1543,Angus Amran,Malaysia,Male,M55-59,15:06:53,278,245,20,01:28:05,210,184,19,07:12:08,288,260,23,06:05:40,318,278,21,00:7:44,190,169,17,00:13:16,396,349,34,FIN,13:05:59,213,
1273,Ahmad Shahir Mawardi,Malaysia,Male,M40-44,13:31:48,159,141,31,01:46:12,446,389,84,07:04:20,257,234,60,04:20:41,69,65,15,00:8:24,229,202,50,00:12:10,372,327,69,FIN,13:06:03,214,
1351,Josef Svoboda,Czechia,Male,M45-49,13:56:10,191,168,27,01:17:29,100,89,15,06:56:43,236,217,35,05:27:08,212,185,27,00:6:43,137,121,19,00:8:06,240,207,36,FIN,13:06:04,215,
1081,Vaibhav Pilane,India,Female,M18-24,13:30:36,157,18,2,01:28:21,217,27,7,07:05:04,261,25,5,04:45:47,122,14,1,00:5:12,73,6,3,00:6:12,150,21,3,FIN,13:06:07,216,
1182,Jin Shawn Lai,Malaysia,Male,M35-39,13:15:38,140,125,22,01:18:15,106,95,14,06:48:22,202,186,27,04:57:42,140,121,24,00:5:51,103,91,17,00:5:28,123,107,13,FIN,13:07:16,217,
1043,Muhamad Kamil Abdul Wahab,Malaysia,Male,M40-44,13:33:09,163,144,32,01:30:41,247,218,49,06:34:01,151,143,38,05:10:32,170,146,32,00:7:18,159,142,38,00:10:36,334,292,60,FIN,13:07:22,218,
1197,Mohammad Ilyas Mohamed Yusof,Malaysia,Male,M35-39,13:17:38,145,130,23,01:20:49,133,117,17,05:59:17,80,75,11,05:30:34,220,192,35,00:9:00,261,233,34,00:17:57,457,405,57,FIN,13:09:15,219,
1338,Poh Choo Yap,Malaysia,Female,F45-49,15:28:40,320,35,11,01:35:49,334,38,9,07:34:05,359,38,11,06:00:10,298,39,11,00:9:23,288,32,8,00:9:13,292,39,12,FIN,13:09:27,220,
1525,yeap jing nee,Malaysia,Female,F55-59,16:55:01,451,49,4,01:54:37,507,61,5,08:24:28,479,53,4,06:20:03,349,42,3,00:10:10,353,39,4,00:5:43,141,20,2,FIN,13:09:28,221,1
1046,Florian Schimzack,Germany,Male,M40-44,13:37:14,166,147,33,01:23:03,160,139,32,06:57:14,237,218,57,05:04:45,154,134,28,00:8:42,245,217,54,00:3:30,54,45,15,FIN,13:11:19,222,
1318,siti shuhaizam mamat raduan,Malaysia,Female,F40-44,15:09:46,283,34,3,01:42:43,416,52,3,07:40:03,376,41,2,05:26:16,207,27,2,00:9:55,336,35,3,00:10:50,343,44,5,FIN,13:12:08,223,1
1218,Mohd Zaid Nordin,Malaysia,Male,M40-44,13:39:42,169,150,34,01:30:52,251,222,50,06:53:21,226,207,55,05:00:51,148,129,26,00:7:26,168,150,42,00:7:12,199,169,41,FIN,13:13:42,224,
1301,Ryusuke Suzuki,Japan,Male,M40-44,13:40:33,170,151,35,01:28:27,219,192,42,06:15:13,105,100,28,05:38:21,239,208,50,00:9:09,277,246,60,00:9:23,297,258,56,FIN,13:14:32,225,
1064,Wan Kheat Gavin Loh,Malaysia,Male,M50-54,14:45:09,255,225,39,01:24:39,181,158,30,06:50:52,209,192,32,06:06:36,322,282,44,00:13:57,489,429,68,00:9:04,282,244,42,FIN,13:16:48,226,
1577,Shunsuke Kojima,Japan,Male,M18-24,13:42:18,173,154,3,01:17:26,98,87,3,06:54:45,230,211,3,05:12:51,175,151,2,00:6:58,147,130,4,00:10:18,324,282,5,FIN,13:17:27,227,
1029,Ramon Jongschaap,Netherlands,Male,M18-24,13:42:18,174,155,4,01:10:36,54,50,1,06:52:52,222,203,2,05:27:56,214,187,3,00:4:55,61,57,1,00:6:00,147,127,2,FIN,13:17:27,228,
1615,Yusran Yusoff,Malaysia,Male,M60-64,16:05:14,372,332,9,01:56:44,513,451,13,07:47:14,397,354,9,05:57:44,288,250,7,00:10:22,369,328,9,00:13:10,395,348,11,FIN,13:17:28,229,
1143,Alvin Hau Ket Thien,Malaysia,Male,M35-39,13:26:34,153,136,24,01:25:54,193,169,21,06:41:20,181,170,25,05:00:45,147,128,26,00:9:50,329,295,42,00:8:45,269,233,31,FIN,13:18:05,230,
1246,Jerry Sim,Singapore,Male,M40-44,13:44:16,176,156,36,01:32:48,275,243,56,06:48:31,203,187,50,05:05:49,158,138,30,00:9:02,268,237,58,00:8:06,239,206,48,FIN,13:18:08,231,
1308,Jetson Hoo,Malaysia,Male,M40-44,13:44:52,177,157,37,01:29:16,233,206,44,06:53:13,224,205,54,05:10:56,171,147,33,00:6:37,130,116,35,00:4:49,96,86,24,FIN,13:18:43,232,
1350,Tze Sian Chua,Singapore,Male,M45-49,14:10:28,207,183,28,01:47:20,462,405,79,06:34:15,153,145,25,05:38:56,242,211,31,00:4:21,40,38,9,00:5:36,135,117,20,FIN,13:19:31,233,
1503,Yo Mizutani,Japan,Male,M55-59,15:22:30,303,269,21,01:16:48,96,85,7,07:19:16,315,286,27,06:20:45,352,310,24,00:14:32,498,437,38,00:11:10,350,306,32,FIN,13:19:31,234,
1506,Tehsien Peng,Taiwan,Male,M55-59,15:22:40,304,270,22,01:47:23,463,406,37,07:24:58,335,302,28,05:47:17,258,225,16,00:11:36,435,382,34,00:11:26,355,311,33,FIN,13:19:40,235,
1063,Abdul Kadir Abdul Karim,Malaysia,Male,M50-54,14:49:01,257,227,40,01:30:49,250,221,39,07:09:17,278,251,42,05:51:52,270,235,40,00:4:16,35,33,5,00:12:46,386,340,55,FIN,13:20:17,236,
1593,Pan Seng Kha Khrang,Myanmar,Female,F35-39,15:05:40,276,33,4,01:24:17,177,23,3,07:34:57,363,39,5,05:52:48,272,36,5,00:6:28,124,13,1,00:7:10,196,30,3,FIN,13:22:57,237,1
1598,Azral Azizan,Malaysia,Male,M40-44,13:50:08,181,159,38,01:52:24,499,439,96,06:27:33,132,124,33,05:14:35,179,155,34,00:8:42,246,218,55,00:6:55,188,161,38,FIN,13:23:49,238,
1424,Muhamad Sahrizan,Malaysia,Male,M50-54,14:53:25,263,231,41,01:36:02,336,298,49,06:28:29,135,127,19,06:18:39,348,307,45,00:7:38,181,161,23,00:22:37,480,426,66,FIN,13:24:15,239,
1469,Teik Kheng Tan,Malaysia,Male,M50-54,14:53:30,264,232,42,01:50:29,486,427,74,07:15:41,304,275,45,05:30:08,219,191,35,00:9:41,311,278,46,00:7:30,214,183,33,FIN,13:24:19,240,
1177,Rony Chacko,Singapore,Male,M35-39,13:32:55,161,143,25,01:39:01,384,336,48,06:55:48,232,213,32,04:42:21,113,102,18,00:9:53,334,300,43,00:5:51,146,126,15,FIN,13:24:22,241,
1044,Jan Michael Albaño,Philippines,Male,M40-44,13:51:48,185,162,39,01:23:35,169,148,34,06:44:36,191,178,49,05:31:11,222,194,43,00:7:42,188,167,46,00:4:44,95,85,23,FIN,13:25:25,242,
1111,Benjamin Wee,Singapore,Male,M30-34,13:27:02,154,137,14,01:20:28,129,113,14,06:57:37,238,219,20,04:51:32,131,115,14,00:10:52,402,355,31,00:6:33,173,149,16,FIN,13:27:02,243,
1274,Chiharu Ito,Thailand,Male,M40-44,13:57:31,192,169,40,01:28:36,224,197,43,06:16:37,107,102,29,05:59:33,295,257,61,00:7:26,169,151,43,00:5:18,114,100,28,FIN,13:30:58,244,
1493,Robert Buerger,Austria,Male,M50-54,15:01:44,272,240,43,01:34:49,315,279,46,07:10:32,281,253,43,06:00:55,300,261,42,00:9:02,266,236,36,00:6:25,167,144,25,FIN,13:31:44,245,
1530,Alias Mohamad,Malaysia,Male,M55-59,15:37:38,334,297,23,01:41:46,408,357,31,06:43:13,186,174,16,06:47:23,415,370,31,00:7:43,189,168,16,00:17:33,453,401,38,FIN,13:32:38,246,
1204,Nguyen Thang,Vietnam,Male,M35-39,13:41:27,172,153,26,01:49:08,475,416,59,07:05:37,263,238,33,04:24:43,76,71,15,00:11:24,430,378,53,00:10:35,333,291,38,FIN,13:32:49,247,
1436,Johar Pribawana,Indonesia,Male,M50-54,15:02:58,274,242,44,01:28:43,226,199,37,07:00:44,251,229,39,05:47:17,257,224,39,00:18:34,528,464,77,00:27:41,494,439,67,FIN,13:32:51,248,
1355,Shulien Chang,Taiwan,Male,M45-49,14:25:57,227,201,29,01:20:32,131,115,20,06:38:30,171,160,27,06:14:30,338,297,54,00:7:06,150,133,24,00:5:19,118,103,18,FIN,13:34:04,249,
1365,Teik Loong Chong,Malaysia,Male,M45-49,14:26:27,230,204,30,01:46:50,454,397,78,06:42:34,183,172,29,05:43:12,251,220,33,00:7:38,182,162,28,00:6:13,153,132,22,FIN,13:34:32,250,
1404,Kwang Liang Tan,Singapore,Male,M45-49,14:26:33,231,205,31,01:36:36,350,311,60,06:46:19,196,183,31,05:50:05,266,233,37,00:7:15,155,138,26,00:6:18,158,136,23,FIN,13:34:38,251,
1517,Yuichiro Takagi,Japan,Male,M55-59,15:40:52,337,300,24,01:45:21,433,379,35,07:49:21,402,359,37,05:27:49,213,186,15,00:15:54,517,456,40,00:22:27,479,425,40,FIN,13:35:26,252,
1558,Adam Abdullah,Malaysia,Male,M60-64,16:27:20,405,360,10,01:48:28,470,412,10,07:54:12,418,373,11,06:26:58,371,329,9,00:9:23,289,257,7,00:8:19,252,217,6,FIN,13:35:44,253,
1581,James Pringle,Australia,Male,M30-34,13:37:38,167,148,15,01:15:27,85,75,10,07:05:39,264,239,22,04:59:07,146,127,15,00:8:07,213,190,14,00:9:18,293,254,23,FIN,13:37:38,254,
1294,Daniel Kleefuss,Germany,Male,M40-44,14:07:17,203,179,41,01:33:36,297,264,62,06:51:09,212,195,51,05:22:48,199,173,37,00:11:47,440,385,85,00:7:56,228,196,46,FIN,13:40:25,255,
1335,Adaikkan Gopi,Singapore,Male,M45-49,14:32:51,241,214,32,01:35:13,323,287,54,07:19:52,319,290,53,05:13:40,177,153,21,00:10:04,343,306,52,00:14:02,413,365,69,FIN,13:40:33,256,
1126,Oleg Zartdinov,Vietnam,Male,M30-34,13:41:08,171,152,16,01:23:55,173,152,18,07:51:04,408,364,30,04:02:09,40,39,7,00:10:20,368,327,29,00:13:39,404,357,30,FIN,13:41:08,257,
1295,Yeow Kwang Goh,Singapore,Male,M40-44,14:09:04,205,181,42,01:43:56,421,368,78,06:44:25,190,177,48,05:16:30,185,161,36,00:10:47,394,349,79,00:13:26,399,352,75,FIN,13:42:09,258,
1224,Jeffrey Ragudo,Philippines,Male,M40-44,14:09:26,206,182,43,01:22:33,149,130,30,06:32:59,148,140,36,05:58:39,289,251,60,00:6:32,127,114,34,00:8:42,267,231,51,FIN,13:42:30,259,
1304,Mohamad Faizal Bin Mohamad Nor,Singapore,Male,M40-44,14:12:53,209,185,44,01:38:06,371,325,69,06:35:09,157,148,41,05:28:15,217,189,42,00:9:33,307,275,66,00:21:49,478,424,93,FIN,13:45:50,260,
1510,Au Yeong Kin Moon,Singapore,Male,M55-59,15:53:00,350,311,25,01:18:45,113,101,8,07:34:35,362,324,33,06:43:54,408,363,30,00:8:25,231,204,21,00:7:21,209,178,15,FIN,13:45:57,261,
1549,Ayob Yahaya,Malaysia,Male,M60-64,16:40:17,431,383,11,01:53:02,501,441,12,07:52:54,413,368,10,06:29:51,380,337,10,00:10:01,342,305,8,00:14:30,421,371,12,FIN,13:46:26,262,
1189,Nur Abd Latiff,Malaysia,Female,F35-39,15:32:32,322,36,5,01:48:43,472,59,6,06:48:10,200,16,1,06:28:53,378,43,6,00:7:50,195,22,3,00:18:56,465,53,5,FIN,13:46:47,263,1
1067,Azman Sulaiman,Malaysia,Male,M50-54,15:20:40,300,266,45,01:44:21,423,370,61,07:45:43,392,350,54,05:30:40,221,193,36,00:14:34,499,438,70,00:5:22,119,104,18,FIN,13:48:47,264,
1241,We-Sen Chew,Malaysia,Male,M40-44,14:16:01,213,189,45,01:26:11,196,171,37,06:51:10,213,196,52,05:36:04,235,205,48,00:12:48,461,405,92,00:9:48,307,268,58,FIN,13:48:52,265,
1117,Hafiz Hisham,Malaysia,Male,M30-34,13:50:05,179,158,17,01:20:04,124,109,13,06:44:14,188,175,17,05:26:13,206,180,19,00:8:22,228,201,18,00:11:12,351,307,26,FIN,13:50:05,266,
1226,Wan Ahmad Ghazi Bin Wan Mohamed Rosly,Malaysia,Male,M40-44,14:17:38,215,191,46,01:36:25,342,303,66,06:28:06,133,125,34,05:45:33,254,221,56,00:10:15,363,322,73,00:17:20,449,397,88,FIN,13:50:26,267,
1511,Masashi Yamada,Japan,Male,M55-59,15:58:50,358,319,26,01:35:27,325,289,27,07:17:26,309,280,26,06:53:40,422,376,33,00:7:21,163,146,14,00:4:56,99,89,6,FIN,13:51:01,268,
1132,Chan Jun Shen,Malaysia,Male,M30-34,13:51:09,184,161,18,01:31:20,257,226,23,06:32:42,147,139,14,05:33:26,226,198,20,00:9:05,272,241,21,00:4:37,90,80,7,FIN,13:51:09,269,
1343,Azani Mat Jusoh,Malaysia,Male,M45-49,14:45:08,254,224,33,01:46:37,449,392,77,07:07:39,270,245,41,05:24:14,203,177,25,00:8:04,212,189,34,00:18:34,460,408,82,FIN,13:52:06,270,
1340,Nicole Yap L H,Malaysia,Female,F45-49,16:20:00,393,44,12,01:38:50,382,47,12,07:41:49,381,42,12,06:48:57,420,46,12,00:6:38,132,15,3,00:3:45,64,10,2,FIN,13:53:05,271,
1157,Pitipun Kanchanapramote,Thailand,Male,M35-39,14:01:58,196,172,27,01:35:12,322,286,36,06:52:00,218,200,30,05:24:03,202,176,34,00:5:24,82,74,14,00:5:19,117,102,12,FIN,13:53:07,272,
1106,Siong Koh,Malaysia,Male,M30-34,13:53:24,187,164,19,01:17:42,102,91,11,07:11:09,283,255,25,05:05:50,159,139,17,00:10:41,389,344,30,00:8:03,236,203,21,FIN,13:53:24,273,
1170,Mohd Shah Bin Abd Rashid,Malaysia,Male,M35-39,14:02:17,197,173,28,01:42:30,412,361,51,06:52:40,220,202,31,05:09:20,168,144,28,00:7:58,207,184,27,00:9:49,308,269,34,FIN,13:53:26,274,
1512,Masaichi Aoyagi,Japan,Male,M55-59,16:02:10,364,325,27,01:25:49,192,168,17,07:29:12,351,315,29,06:39:01,399,355,27,00:10:48,395,350,30,00:17:18,448,396,36,FIN,13:53:54,275,
1216,Dr Haslin Abdul Hamid,Malaysia,Male,M40-44,14:21:27,220,195,47,01:42:45,417,365,76,06:40:48,178,167,47,05:39:29,244,213,52,00:4:58,63,59,14,00:13:27,400,353,76,FIN,13:54:08,276,
1504,Yutaka Kochiya,Japan,Male,M55-59,16:02:30,366,327,28,01:22:00,142,125,12,06:37:12,165,156,14,07:49:54,454,405,37,00:6:27,123,111,9,00:6:57,190,163,14,FIN,13:54:11,277,
1191,AHMAD ZUBIAR,Malaysia,Male,M35-39,14:03:52,198,174,29,01:29:44,238,211,27,06:51:12,215,197,29,05:13:00,176,152,30,00:10:59,411,362,51,00:18:58,466,413,59,FIN,13:55:00,278,
1595,Adrian Carlos Ruben,Philippines,Male,M40-44,14:23:10,221,196,48,01:32:11,269,238,55,06:59:23,242,221,58,05:32:44,225,197,45,00:7:49,194,173,48,00:11:03,349,305,64,FIN,13:55:48,279,
1411,Ahmad Husaini Hashim,Singapore,Male,M45-49,14:49:04,258,228,34,01:25:47,191,167,29,07:14:14,298,269,48,05:34:45,229,201,28,00:8:28,233,206,38,00:25:50,491,436,89,FIN,13:55:48,280,
1490,Wai Mun Toh,Singapore,Male,M50-54,15:28:38,319,285,46,01:29:42,237,210,38,06:53:19,225,206,36,06:45:14,411,366,51,00:9:43,313,279,47,00:10:39,335,293,49,FIN,13:55:57,281,
1085,Erika Murofushi,Japan,Female,F25-29,15:33:18,326,37,5,01:22:33,148,19,3,07:52:07,411,45,6,05:54:20,275,37,5,00:11:44,437,54,6,00:12:34,382,46,5,FIN,13:56:19,282,1
1045,Chew Chin Kuen,Malaysia,Male,M40-44,14:23:51,222,197,49,01:34:58,318,282,63,06:35:15,158,149,42,06:01:51,304,265,64,00:6:15,118,106,33,00:5:32,129,111,29,FIN,13:56:27,283,
1042,Chee Kian Liaw,Malaysia,Male,M40-44,14:25:20,223,198,50,01:33:20,290,257,57,06:27:17,130,123,32,06:11:04,333,293,73,00:7:19,160,143,39,00:6:20,162,139,35,FIN,13:57:54,284,
1499,Razali Md.Jonit,Malaysia,Male,M55-59,16:07:04,376,334,29,01:46:11,445,388,36,07:13:14,294,265,25,06:48:57,419,374,32,00:9:43,316,282,27,00:9:00,280,242,25,FIN,13:58:09,285,
1381,Rosman Alias,Malaysia,Male,M45-49,14:52:17,259,229,35,01:31:43,264,233,43,06:30:17,140,132,23,06:21:43,356,314,61,00:9:51,332,298,51,00:18:42,462,410,83,FIN,13:58:50,286,
1311,Leonard Sim,Singapore,Male,M40-44,14:27:17,233,207,51,01:29:51,239,212,46,07:04:43,258,235,61,05:38:09,238,207,49,00:5:37,93,81,21,00:8:56,275,238,54,FIN,13:59:47,287,
1589,Iman Afshar,Iran,Male,M35-39,14:10:57,208,184,30,01:34:05,305,270,35,06:31:40,145,137,22,05:47:24,259,226,37,00:9:24,293,261,37,00:8:24,253,218,27,FIN,14:02:00,288,
1481,Kohji Maeda,Japan,Male,M50-54,15:35:31,332,295,47,01:12:54,66,60,7,07:14:27,300,271,44,06:53:49,423,377,55,00:9:22,287,256,39,00:4:59,103,92,14,FIN,14:02:09,289,
1244,Hideki Sakurai,Japan,Male,M40-44,14:30:22,236,209,52,01:08:11,37,34,11,06:39:51,174,163,46,06:30:56,383,340,83,00:6:14,116,104,31,00:5:10,109,97,27,FIN,14:02:46,290,
1370,Azran Ahmad,Malaysia,Male,M45-49,14:57:15,268,236,36,01:36:16,340,301,59,06:50:26,207,190,33,06:03:18,308,269,49,00:11:55,442,387,78,00:15:19,435,383,74,FIN,14:03:30,291,
1229,Vladimir Yanin,Unknown,Male,M40-44,14:31:24,238,211,53,01:18:07,105,94,25,06:34:37,154,146,39,06:24:19,363,321,79,00:6:12,113,101,30,00:8:10,242,209,49,FIN,14:03:46,292,
1327,Christopher Lim,Malaysia,Male,M45-49,14:58:15,270,238,37,01:23:20,166,145,25,06:07:19,92,87,16,07:09:04,442,393,76,00:10:34,382,338,63,00:7:58,231,198,35,FIN,14:04:26,293,
1127,Muhamad Adhwa Izzuddin,Malaysia,Male,M30-34,14:05:18,201,177,20,01:25:44,190,166,20,06:03:58,86,81,9,06:08:00,326,286,25,00:9:01,265,235,20,00:18:34,461,409,33,FIN,14:05:18,294,
1162,Deswyn Wan,Malaysia,Male,M35-39,14:15:30,212,188,31,01:28:33,223,196,24,06:34:06,152,144,23,05:52:59,273,237,38,00:9:43,317,283,38,00:10:10,318,277,35,FIN,14:06:31,295,
1180,Jin Heng Oh,Malaysia,Male,M35-39,14:16:29,214,190,32,01:46:32,447,390,56,07:24:48,334,301,44,04:48:20,126,111,22,00:7:26,170,152,23,00:9:24,300,261,33,FIN,14:07:29,296,
1265,Mohamed Subki Ahmad Fadzil,Malaysia,Male,M40-44,14:35:23,242,215,54,01:36:31,347,308,68,06:26:05,128,122,31,06:02:49,307,268,65,00:10:42,390,345,78,00:19:16,470,416,91,FIN,14:07:38,297,
1379,Syukur Wahab,Malaysia,Male,M45-49,15:02:54,273,241,38,01:38:02,369,323,66,07:02:21,255,233,39,05:47:54,263,230,36,00:10:12,358,317,53,00:24:25,488,433,87,FIN,14:08:48,298,
1238,Dennis Kong,Singapore,Male,M40-44,14:36:53,244,217,55,01:38:42,380,334,70,06:33:20,149,141,37,06:06:20,320,280,70,00:8:31,236,209,52,00:10:00,313,272,59,FIN,14:09:05,299,
1348,Michael Ho,Singapore,Male,M45-49,15:03:39,275,243,39,01:33:42,298,265,48,07:13:29,295,266,46,05:52:25,271,236,38,00:13:31,481,422,87,00:10:31,327,285,56,FIN,14:09:31,300,
1154,Muhd Umar Alsiddiq Rahman,Singapore,Male,M35-39,14:18:55,216,192,33,01:31:42,263,232,29,07:14:16,299,270,40,05:12:48,174,150,29,00:7:31,177,159,25,00:12:38,383,337,44,FIN,14:09:53,301,
1109,Foo Kah Wai,Malaysia,Male,M30-34,14:12:56,210,186,21,01:34:38,313,277,30,06:56:04,233,214,19,05:16:41,186,162,18,00:12:14,448,393,34,00:13:18,397,350,29,FIN,14:12:56,302,
1536,Wichan Puangmaha,Thailand,Male,M55-59,16:24:22,402,357,30,01:41:51,409,358,32,07:59:26,430,384,38,06:31:16,386,343,26,00:6:37,129,115,10,00:5:11,111,99,8,FIN,14:13:09,303,
1297,Reza Sutopo,Indonesia,Male,M40-44,14:41:45,248,220,56,01:33:23,291,258,58,07:35:26,365,326,77,05:05:29,157,137,29,00:18:38,529,465,104,00:8:49,271,235,52,FIN,14:13:47,304,
1393,Heng Tang Yap,Malaysia,Male,M45-49,15:10:22,284,250,40,01:31:41,261,230,42,07:14:42,301,272,49,05:58:40,290,252,45,00:9:49,327,293,49,00:15:30,437,385,75,FIN,14:15:50,305,
1528,Nobuhiko Nishioka,Japan,Male,M55-59,16:28:02,406,361,31,02:11:15,534,470,42,07:29:47,352,316,30,06:15:01,342,301,23,00:14:31,497,436,37,00:17:28,452,400,37,FIN,14:16:19,306,
1586,Aimran Jamil,Malaysia,Male,M35-39,14:25:28,224,199,34,01:37:43,365,320,43,07:11:13,284,256,37,05:17:53,189,165,33,00:5:31,89,78,15,00:13:09,394,347,47,FIN,14:16:22,307,
1209,Edwin Arief,Indonesia,Male,M35-39,14:25:34,225,200,35,01:33:06,283,250,34,07:09:02,276,250,36,05:14:55,181,157,32,00:9:45,320,286,40,00:18:46,463,411,58,FIN,14:16:28,308,
1591,Razieh Naqieh,Iran,Female,F35-39,16:06:36,374,42,6,01:45:35,436,56,5,08:11:14,458,48,6,05:45:25,253,33,4,00:10:28,376,44,5,00:13:54,409,48,4,FIN,14:16:59,309,1
1320,Kian Hoe Tang,Malaysia,Male,M45-49,15:12:21,287,253,41,01:30:56,252,223,40,07:01:31,253,231,38,06:16:18,345,304,58,00:9:47,321,287,48,00:13:49,407,360,68,FIN,14:17:42,310,
1196,Vishal Pandey,India,Male,M35-39,14:27:12,232,206,36,01:28:41,225,198,25,07:53:24,416,371,55,04:41:20,111,101,17,00:12:56,471,414,59,00:10:51,344,300,40,FIN,14:18:05,311,
1345,Fadzir Azuan Mahari,Malaysia,Male,M45-49,15:12:50,290,256,42,01:36:14,339,300,58,06:59:40,244,223,36,06:10:08,332,292,53,00:10:24,374,331,60,00:16:24,444,392,79,FIN,14:18:09,312,
1367,Anshul Agrawal,India,Male,M45-49,15:12:59,291,257,43,01:37:46,366,321,65,08:07:27,450,403,76,05:09:17,167,143,20,00:10:15,362,321,56,00:8:14,250,215,37,FIN,14:18:17,313,
1387,Kean Fatt Chow,Malaysia,Male,M45-49,15:13:12,292,258,44,01:45:17,432,378,76,07:39:14,374,334,65,05:26:37,210,183,26,00:12:52,465,409,83,00:9:13,291,253,45,FIN,14:18:29,314,
1423,Weerapon Noothae,Thailand,Male,M50-54,15:54:21,352,313,48,01:40:06,392,343,56,07:44:06,388,346,53,06:21:57,359,317,46,00:4:38,53,50,12,00:3:33,56,47,6,FIN,14:19:06,315,
1100,Qamarul Haziq Helmy Bin Kamaruazli,Malaysia,Male,M25-29,14:26:10,228,202,11,01:18:20,108,97,9,07:13:53,296,267,16,05:34:14,227,199,12,00:9:12,280,249,15,00:10:31,328,286,16,FIN,14:19:19,316,
1372,Kah Choy Saw,Malaysia,Male,M45-49,15:14:36,294,260,45,01:47:40,465,408,80,07:00:26,249,227,37,05:59:09,291,253,46,00:12:55,469,412,84,00:14:27,420,370,72,FIN,14:19:48,317,
1223,Muhamad Hazwan Hamzah,Malaysia,Male,M40-44,14:48:05,256,226,57,01:47:14,460,403,88,07:06:39,266,241,63,05:26:18,208,181,39,00:12:23,451,396,87,00:15:30,436,384,84,FIN,14:19:55,318,
1420,Toru Uwajima,Japan,Male,M50-54,15:55:53,354,315,49,01:28:01,209,183,34,07:23:59,330,298,49,06:48:42,418,373,54,00:7:52,198,175,25,00:7:18,205,174,31,FIN,14:20:29,319,
1505,Jang Jongcheul,Korea,Male,M55-59,16:33:15,413,367,32,01:34:59,319,283,26,07:35:42,366,327,34,07:04:07,436,388,35,00:9:47,324,290,28,00:8:40,265,229,21,FIN,14:20:50,320,
1322,Ye Cin Yong,Malaysia,Male,M45-49,15:17:50,296,262,46,01:50:15,483,424,86,06:40:16,176,165,28,06:26:51,369,327,64,00:9:03,269,238,44,00:11:25,353,309,59,FIN,14:22:51,321,
1145,Faiz Rusli,Malaysia,Male,M35-39,14:32:36,240,213,37,01:45:45,440,383,54,07:19:25,316,287,42,05:07:15,162,141,27,00:9:45,319,285,39,00:10:25,326,284,36,FIN,14:23:26,322,
1488,Shigeru Fujimoto,Japan,Male,M50-54,15:59:50,359,320,50,01:15:48,90,80,14,06:59:57,245,224,37,07:29:42,449,400,58,00:7:58,205,182,27,00:6:26,169,146,26,FIN,14:24:02,323,
1538,Vibun Ai Chuan,Malaysia,Male,M55-59,16:37:30,422,374,33,02:00:09,520,457,41,07:47:55,398,355,35,06:27:57,376,334,25,00:12:20,449,394,36,00:9:10,289,251,26,FIN,14:24:31,324,
1371,TENG-YU WANG,Taiwan,Male,M45-49,15:20:17,298,264,47,01:27:20,204,179,30,07:38:45,372,332,63,05:46:13,256,223,34,00:15:15,513,452,93,00:12:44,384,338,66,FIN,14:25:09,325,
1041,Aibek Tleshov,Kazakhstan,Male,M35-39,14:35:41,243,216,38,01:21:54,140,123,18,06:30:21,141,133,21,06:21:57,358,316,47,00:8:20,224,197,30,00:13:09,393,346,46,FIN,14:26:29,326,
1291,Jasmine Tan,Singapore,Female,F40-44,16:35:29,418,47,4,01:38:58,383,48,2,08:26:25,483,54,5,06:11:57,335,41,4,00:11:12,423,51,5,00:6:57,191,28,2,FIN,14:26:46,327,1
1344,Chua Siong Tat,Malaysia,Male,M45-49,15:22:15,302,268,48,01:32:50,276,244,46,07:38:50,373,333,64,05:54:44,280,243,42,00:7:55,202,179,30,00:7:55,226,194,34,FIN,14:27:00,328,
1332,Fahmi Nazrin Jamaludin,Malaysia,Male,M45-49,15:22:47,305,271,49,01:44:29,426,373,74,07:10:57,282,254,42,06:02:23,305,266,48,00:10:40,388,343,66,00:14:18,418,368,70,FIN,14:27:30,329,
1410,Shahariz Aziz,Malaysia,Male,M45-49,15:22:58,306,272,50,01:36:49,354,313,62,07:26:28,340,306,57,05:54:24,276,239,39,00:10:52,401,354,70,00:14:26,419,369,71,FIN,14:27:40,330,
1523,Michael Greifzu,Germany,Male,M55-59,16:42:48,435,387,34,01:54:45,508,447,39,08:20:04,473,422,40,06:07:37,325,285,22,00:10:58,409,360,32,00:9:24,299,260,28,FIN,14:29:07,331,
1540,Dennis Ganendra,Malaysia,Male,M55-59,16:43:20,436,388,35,01:36:59,357,314,28,07:31:27,354,318,31,07:12:09,444,395,36,00:12:06,444,389,35,00:10:39,336,294,30,FIN,14:29:35,332,
1518,Yew Kay Ho,Singapore,Male,M55-59,16:43:32,437,389,36,01:40:47,400,349,30,08:04:42,446,400,39,06:43:00,406,361,29,00:8:43,248,220,22,00:6:20,161,138,11,FIN,14:29:45,333,
1416,Yasunori Kobori,Japan,Male,M45-49,15:26:25,313,279,51,01:28:32,221,194,33,07:40:37,377,336,66,05:54:39,278,241,40,00:14:03,490,430,89,00:8:34,260,224,39,FIN,14:30:55,334,
1080,Khairul Danish,Malaysia,Male,M18-24,14:58:12,269,237,5,01:34:04,303,268,9,07:14:46,302,273,6,05:47:45,261,228,6,00:9:49,326,292,7,00:11:48,365,321,6,FIN,14:31:04,335,
1292,Faizal Ali,Malaysia,Male,M40-44,14:59:38,271,239,58,01:29:54,241,213,47,06:56:36,235,216,56,06:09:53,331,291,72,00:8:29,235,208,51,00:14:46,424,373,80,FIN,14:31:06,336,
1520,Antonio Jimenez,Philippines,Male,M55-59,16:48:04,444,396,37,01:56:24,512,450,40,07:34:27,361,323,32,06:59:13,433,385,34,00:9:05,273,242,23,00:8:55,274,237,23,FIN,14:33:41,337,
1099,Yuki Nagai,Japan,Male,M25-29,14:42:35,251,223,12,01:46:00,442,385,17,07:15:32,303,274,17,05:16:21,184,160,10,00:11:53,441,386,21,00:12:50,388,342,19,FIN,14:35:36,338,
1328,Tan Thuan Foo,Malaysia,Male,M45-49,15:32:01,321,286,52,01:37:33,363,318,63,07:21:50,324,293,55,06:09:46,330,290,52,00:10:35,384,340,64,00:12:17,375,330,64,FIN,14:36:11,339,
1428,Alan Tan Yew Choon,Malaysia,Male,M50-54,16:13:46,387,344,51,01:23:20,167,146,27,07:40:49,378,337,52,06:47:41,416,371,53,00:11:10,420,370,58,00:10:46,339,297,50,FIN,14:36:35,340,
1397,Miloud Abdelmalek,France,Male,M45-49,15:33:36,327,290,53,01:38:30,376,330,68,07:11:57,287,259,44,06:05:02,315,275,51,00:12:23,452,397,80,00:25:44,489,434,88,FIN,14:37:40,341,
1366,Imtiaz Ilahi,Bangladesh,Male,M45-49,15:34:10,329,292,54,01:51:47,497,437,91,06:53:28,227,208,34,06:25:55,367,325,63,00:11:29,432,380,77,00:11:31,359,315,61,FIN,14:38:12,342,
1245,Vaibhav Manke,India,Male,M40-44,15:07:46,279,246,59,01:50:16,484,425,93,07:26:54,341,307,71,05:35:34,234,204,47,00:8:34,242,214,53,00:6:28,171,147,36,FIN,14:38:59,343,
1281,Muhammad Alphian,Singapore,Male,M40-44,15:08:31,280,247,60,01:50:27,485,426,94,07:08:03,272,247,64,05:48:29,265,232,57,00:9:06,274,243,59,00:12:25,380,335,72,FIN,14:39:43,344,
1212,Jackal Chin,Malaysia,Male,M40-44,15:08:54,282,249,61,01:27:40,205,180,40,07:04:56,260,236,62,06:15:15,343,302,74,00:10:11,356,315,71,00:10:53,347,303,63,FIN,14:40:05,345,
1611,Ventus Sitanggang,Indonesia,Male,M50-54,16:19:59,392,349,52,01:33:47,301,266,44,07:46:19,394,352,55,06:43:36,407,362,50,00:9:24,291,259,40,00:6:53,186,159,29,FIN,14:42:10,346,
1118,Izzat Hamdan,Malaysia,Male,M30-34,14:42:24,250,222,22,01:28:10,212,186,21,06:54:07,228,209,18,06:04:28,310,271,24,00:7:45,191,170,11,00:7:54,225,193,20,FIN,14:42:24,347,
1083,Khairull Amireen,Malaysia,Male,M18-24,15:10:54,286,252,6,01:28:16,214,188,6,06:59:36,243,222,4,06:24:49,365,323,8,00:9:08,275,244,5,00:9:04,284,246,4,FIN,14:43:23,348,
1257,Rudy Azwan Sairan,Malaysia,Male,M40-44,15:12:35,288,254,62,01:54:23,505,445,98,06:35:49,161,152,43,06:21:32,354,312,77,00:7:53,200,177,49,00:12:58,390,343,74,FIN,14:43:39,349,
1233,Muhammad Shukri Zulkepli,Malaysia,Male,M40-44,15:12:37,289,255,63,01:46:55,455,398,86,07:28:50,350,314,73,05:26:44,211,184,41,00:12:00,443,388,86,00:18:07,459,407,90,FIN,14:43:41,350,
1388,Min Teck Chia,Malaysia,Male,M45-49,15:40:17,336,299,55,01:51:37,495,435,90,07:32:23,356,319,59,05:56:01,284,246,44,00:10:13,359,318,54,00:10:02,315,274,52,FIN,14:43:57,351,
1236,YUSRIZAL ELLYUS,Malaysia,Male,M40-44,15:14:47,295,261,64,01:59:14,518,455,101,06:51:34,217,199,53,06:01:20,303,264,63,00:10:18,366,325,74,00:12:21,379,334,71,FIN,14:45:47,352,
1141,May Lim,Malaysia,Female,F30-34,16:28:21,407,46,2,01:37:50,367,46,2,07:38:21,370,40,2,06:57:11,429,48,2,00:7:51,197,23,2,00:7:07,195,29,2,FIN,14:47:14,353,1
1161,Kamal Syakier Bin Mohamed,Malaysia,Male,M35-39,14:56:51,266,234,39,01:38:20,374,328,46,06:48:21,201,185,26,06:06:33,321,281,43,00:8:31,238,211,32,00:15:06,432,380,53,FIN,14:47:25,354,
1403,Taku Ishikura,Japan,Male,M45-49,15:45:06,341,303,56,01:30:19,245,217,39,07:51:15,409,365,70,05:59:32,294,256,47,00:13:07,475,417,86,00:10:52,345,301,57,FIN,14:48:29,355,
1486,Wisanti Lomtakul,Thailand,Male,M50-54,16:30:45,409,363,53,01:47:05,458,401,68,08:01:08,437,391,61,06:27:47,375,333,47,00:8:22,227,200,29,00:6:22,163,140,24,FIN,14:51:52,356,
1347,Mohd Azuri Ya@zakaria,Malaysia,Male,M45-49,15:50:21,345,306,57,01:44:52,429,375,75,07:17:36,310,281,50,06:22:55,360,318,62,00:8:40,243,215,40,00:16:18,443,391,78,FIN,14:53:25,357,
1378,Wee Leong Ong,Singapore,Male,M45-49,15:51:28,348,309,58,01:48:25,469,411,81,07:17:36,311,282,51,06:26:57,370,328,65,00:8:51,254,226,41,00:9:38,303,264,48,FIN,14:54:28,358,
1476,Hisashi Yoshida,Japan,Male,M50-54,16:34:50,416,370,54,01:23:11,165,144,26,07:21:59,325,294,48,07:31:46,451,402,59,00:10:10,352,314,54,00:7:45,220,189,34,FIN,14:55:32,359,
1232,Andrew Choa Hon Hsien,Malaysia,Male,M40-44,15:26:08,311,277,65,01:31:54,267,236,54,07:33:37,358,321,75,06:04:30,312,272,67,00:7:17,156,139,36,00:8:49,272,236,53,FIN,14:56:46,360,
1276,Tan Chenghoe,Malaysia,Male,M40-44,15:26:23,312,278,66,01:45:23,434,380,81,07:42:13,382,340,80,05:32:42,224,196,44,00:11:03,413,364,82,00:15:02,430,378,82,FIN,14:57:01,361,
1149,Amirul Syafiq Azmy,Malaysia,Male,M35-39,15:06:45,277,244,40,01:52:03,498,438,60,06:51:09,211,194,28,05:56:54,285,247,40,00:11:25,431,379,54,00:15:15,434,382,54,FIN,14:57:13,362,
1324,Toto Ong,Malaysia,Male,M45-49,15:54:41,353,314,59,01:37:38,364,319,64,07:12:49,290,262,45,06:57:31,431,383,73,00:4:12,28,26,7,00:2:32,17,15,3,FIN,14:57:29,363,
1421,Chan Seong Him,Malaysia,Male,M50-54,16:38:07,425,377,55,01:45:42,439,382,64,06:51:31,216,198,33,07:38:41,453,404,60,00:8:24,230,203,30,00:13:50,408,361,56,FIN,14:58:30,364,
1471,Paul Arden,United Kingdom,Male,M50-54,16:39:10,429,381,56,01:45:38,438,381,63,08:00:49,436,390,60,06:31:02,384,341,48,00:7:41,185,164,24,00:14:01,412,364,57,FIN,14:59:26,365,
1082,Jonathan Yu,Singapore,Male,M18-24,15:28:24,318,284,7,01:22:46,153,134,4,08:06:05,447,401,9,05:32:08,223,195,4,00:14:35,500,439,8,00:12:49,387,341,7,FIN,15:00:21,366,
1459,Jangvir Lamba,India,Male,M50-54,16:41:35,434,386,57,01:46:36,448,391,65,07:52:58,414,369,56,06:47:19,414,369,52,00:8:41,244,216,33,00:6:02,148,128,22,FIN,15:01:37,367,
1407,Hasrulsani Mohamad Hassan,Malaysia,Male,M45-49,16:00:01,361,322,60,01:35:47,333,296,57,07:06:30,265,240,40,06:56:00,428,381,72,00:10:17,364,323,57,00:11:28,356,312,60,FIN,15:02:30,368,
1252,Mailan Kimsuan,Indonesia,Male,M40-44,15:32:40,323,287,67,01:49:22,478,419,92,07:34:15,360,322,76,05:39:08,243,212,51,00:13:53,487,427,98,00:16:02,441,389,86,FIN,15:03:06,369,
1239,Alan Yap,Singapore,Male,M40-44,15:32:59,324,288,68,01:46:10,444,387,83,07:00:17,248,226,59,06:31:37,387,344,85,00:7:45,192,171,47,00:7:11,197,167,40,FIN,15:03:24,370,
1242,Yu Tsung Chen,Taiwan,Male,M40-44,15:33:49,328,291,69,01:53:46,503,443,97,08:00:49,435,389,88,05:22:51,200,174,38,00:12:40,457,402,90,00:3:42,61,52,16,FIN,15:04:12,371,
1461,Teck King Lim,Malaysia,Male,M50-54,16:45:22,439,391,58,01:36:31,348,309,52,07:53:24,415,370,57,06:59:26,434,386,56,00:9:50,331,297,49,00:6:12,151,130,23,FIN,15:05:01,372,
1287,Fredeerick Rigor,Philippines,Male,M40-44,15:35:21,331,294,70,01:48:51,474,415,91,07:29:56,353,317,74,05:54:28,277,240,58,00:9:21,283,252,63,00:12:45,385,339,73,FIN,15:05:41,373,
1364,Edmund Heng,Singapore,Male,M45-49,16:03:36,369,329,61,01:55:50,511,449,93,07:24:24,332,300,56,06:20:20,351,309,59,00:10:43,393,348,68,00:12:17,376,331,65,FIN,15:05:52,374,
1097,Muhammad Syafiq Zakaria,Malaysia,Male,M25-29,15:14:03,293,259,13,02:20:36,537,473,21,06:15:32,106,101,9,06:23:38,361,319,17,00:6:18,119,107,11,00:7:59,232,199,12,FIN,15:06:49,375,
1430,Fayzal Abdul Manap Khalid,Malaysia,Male,M50-54,16:47:36,443,395,59,01:36:30,346,307,51,07:38:06,369,330,51,07:07:48,441,392,57,00:14:37,502,441,71,00:10:34,332,290,48,FIN,15:07:02,376,
1303,Shuh An Moy,Malaysia,Male,M40-44,15:36:59,333,296,71,01:36:28,344,305,67,06:35:01,156,147,40,07:04:56,437,389,92,00:9:48,325,291,68,00:10:47,340,298,62,FIN,15:07:16,377,
1441,Jeffery Lim Swee Eu,Malaysia,Male,M50-54,16:48:58,445,397,60,01:46:38,451,394,66,08:03:16,441,395,62,06:33:03,390,347,49,00:13:35,482,423,66,00:12:27,381,336,54,FIN,15:08:16,378,
1590,Raymond Uy,Philippines,Male,M35-39,15:18:33,297,263,41,01:46:08,443,386,55,07:19:14,314,285,41,05:55:00,281,244,39,00:12:07,446,391,56,00:6:04,149,129,16,FIN,15:08:54,379,
1055,Soon Thung Tiew,Malaysia,Male,M45-49,16:06:58,375,333,62,01:28:21,216,190,32,08:03:35,443,397,75,06:15:27,344,303,57,00:9:25,294,262,45,00:10:09,317,276,53,FIN,15:09:02,380,
1394,Brian Cheong Mun Keong,Malaysia,Male,M45-49,16:07:19,377,335,63,01:32:30,273,241,45,08:40:04,492,437,87,05:38:48,240,209,30,00:6:38,131,117,17,00:9:19,294,255,46,FIN,15:09:22,381,
1195,Mohd Redwan Jaafar,Malaysia,Male,M35-39,15:20:35,299,265,42,01:32:45,274,242,31,07:08:51,274,249,35,06:11:26,334,294,44,00:9:47,322,288,41,00:17:46,454,402,56,FIN,15:10:55,382,
1286,Mohd Nur Iqdham,Malaysia,Male,M40-44,15:42:51,339,301,72,02:02:35,524,461,104,07:19:30,317,288,67,05:42:38,250,219,54,00:14:30,496,435,100,00:23:38,486,432,96,FIN,15:12:57,383,
1336,Soo Fong Tan,Malaysia,Male,M45-49,16:11:59,384,341,64,01:39:52,390,341,72,07:18:14,312,283,52,06:54:15,425,379,71,00:10:33,381,337,62,00:9:05,286,248,43,FIN,15:13:45,384,
1617,Martin Nieves,Uruguay,Male,M25-29,15:23:25,307,273,14,01:38:45,381,335,15,07:08:06,273,248,15,06:14:04,337,296,16,00:9:08,276,245,14,00:13:21,398,351,20,FIN,15:16:07,385,
1091,Aiman Zainal,Malaysia,Male,M25-29,15:23:58,308,274,15,01:52:38,500,440,19,07:07:46,271,246,14,06:00:30,299,260,14,00:11:03,412,363,19,00:12:02,370,326,18,FIN,15:16:40,386,
1621,Eizham Fadhil,Malaysia,Male,M25-29,15:24:23,309,275,16,01:23:01,159,138,11,07:48:39,400,357,19,05:57:31,287,249,13,00:7:59,208,185,13,00:7:13,200,170,11,FIN,15:17:04,387,
1183,Christian Johansson,Sweden,Male,M35-39,15:27:48,317,283,43,01:42:38,414,363,52,07:27:22,345,310,46,06:01:10,301,262,41,00:8:00,209,186,28,00:8:37,262,226,30,FIN,15:18:03,388,
1090,Wei Jian Loo,Malaysia,Male,M25-29,15:26:52,315,281,17,01:38:05,370,324,14,07:24:06,331,299,18,06:06:59,324,284,15,00:11:20,428,376,20,00:6:23,164,141,9,FIN,15:19:32,389,
1405,Wei Loong Lee,Singapore,Male,M45-49,16:18:24,389,346,65,01:39:13,388,339,71,08:16:51,469,419,81,06:04:52,314,274,50,00:9:37,308,276,46,00:7:51,224,192,33,FIN,15:19:47,390,
1578,優大 蓮沼,Japan,Male,M18-24,15:48:45,344,305,8,01:27:01,202,177,5,07:17:06,308,279,7,06:34:19,392,349,9,00:9:21,284,253,6,00:20:59,475,421,9,FIN,15:20:05,391,
1582,Azfeez Ezry Azami,Malaysia,Male,M30-34,15:21:31,301,267,23,01:32:29,272,240,24,07:18:37,313,284,26,06:08:27,327,287,26,00:8:11,215,192,16,00:13:47,406,359,31,FIN,15:21:31,392,
1602,Jason Ng,Malaysia,Male,M45-49,16:20:31,396,351,66,01:51:23,494,434,89,07:43:01,386,344,67,06:14:58,341,300,56,00:16:15,519,458,94,00:14:54,427,375,73,FIN,15:21:47,393,
1312,Enghao Matt,Singapore,Male,M40-44,15:53:38,351,312,73,01:29:41,236,209,45,07:36:41,368,329,78,06:27:44,374,332,81,00:10:35,385,341,77,00:8:57,276,239,55,FIN,15:23:24,394,
1263,NOORZAIREEN BIN SAAD,Malaysia,Male,M40-44,15:55:56,355,316,74,01:33:23,292,259,59,07:22:28,326,295,68,06:32:50,389,346,86,00:9:47,323,289,67,00:17:28,451,399,89,FIN,15:25:37,395,
1054,Ramil Ranario,Philippines,Male,M45-49,16:24:56,403,358,67,01:50:48,488,429,87,07:33:24,357,320,60,06:39:10,400,356,67,00:9:40,310,277,47,00:11:53,368,324,62,FIN,15:25:56,396,
1215,MOHAMAD TAUFIK MOHAMAD ALI,Malaysia,Male,M40-44,15:56:35,356,317,75,01:40:11,394,345,72,07:11:15,285,257,65,06:30:32,381,338,82,00:12:51,463,407,93,00:21:46,477,423,92,FIN,15:26:15,397,
1234,Tony Wong,Malaysia,Male,M40-44,15:57:05,357,318,76,01:47:16,461,404,89,07:45:23,391,349,82,06:09:36,328,288,71,00:7:24,164,147,41,00:7:25,210,179,44,FIN,15:26:44,398,
1325,Safri Oyong,Malaysia,Male,M45-49,16:26:29,404,359,68,01:33:14,288,255,47,07:50:10,406,362,69,06:42:22,405,360,68,00:11:03,414,365,73,00:9:40,304,265,49,FIN,15:27:23,399,
1121,Muhammad Fakhri,Malaysia,Male,M30-34,15:27:29,316,282,24,01:47:04,456,399,35,06:38:05,168,158,15,06:27:22,372,330,28,00:11:20,429,377,33,00:23:38,485,431,34,FIN,15:27:29,400,
1221,Jee Wong,Malaysia,Male,M40-44,15:59:58,360,321,77,01:33:35,296,263,61,07:40:00,375,335,79,06:21:28,353,311,76,00:12:39,456,401,89,00:12:15,374,329,70,FIN,15:29:32,401,
1230,Suhermanto Suhermanto,Indonesia,Male,M40-44,16:02:16,365,326,78,01:42:34,413,362,75,07:23:39,327,296,69,06:31:09,385,342,84,00:13:22,479,420,96,00:11:33,360,316,65,FIN,15:31:45,402,
1217,Weiguang David Han,Singapore,Male,M40-44,16:02:46,367,328,79,01:36:22,341,302,65,07:49:08,401,358,83,06:24:43,364,322,80,00:7:30,173,155,44,00:5:04,105,94,26,FIN,15:32:14,403,
1123,Atsushi Yoshida,Japan,Male,M30-34,15:33:17,325,289,25,01:33:12,285,252,26,07:10:00,280,252,24,06:29:06,379,336,29,00:10:14,361,320,27,00:10:45,338,296,25,FIN,15:33:17,404,
1346,Fauzan Safiee,Malaysia,Male,M45-49,16:33:18,414,368,69,01:49:11,477,418,83,08:23:00,477,426,86,05:54:41,279,242,41,00:10:42,392,347,67,00:15:44,439,387,77,FIN,15:33:48,405,
1604,Michael Pitman,United States,Male,M45-49,16:34:26,415,369,70,01:49:52,481,422,85,07:21:22,322,292,54,07:06:44,440,391,75,00:7:09,152,135,25,00:9:19,295,256,47,FIN,15:34:52,406,
1315,Mohd Irwan Mihat,Malaysia,Male,M40-44,16:07:32,378,336,80,01:56:57,514,452,100,07:26:16,339,305,70,06:05:59,319,279,69,00:15:12,512,451,102,00:23:09,482,428,94,FIN,15:36:51,407,
1247,Sutardi Huang,Indonesia,Male,M40-44,16:08:00,379,337,81,01:45:55,441,384,82,07:16:39,307,278,66,06:37:32,398,354,88,00:13:38,483,424,97,00:14:16,417,367,79,FIN,15:37:18,408,
1319,Mun Liew,Malaysia,Male,M45-49,16:38:28,426,378,71,01:22:38,151,132,24,07:35:58,367,328,61,07:25:02,448,399,78,00:8:18,223,196,37,00:6:32,172,148,26,FIN,15:38:39,409,
1282,Yoshimasa Aoyama,Japan,Male,M40-44,16:09:58,382,339,82,01:21:08,135,119,28,08:25:22,481,428,96,05:57:14,286,248,59,00:14:28,494,434,99,00:11:45,363,319,68,FIN,15:39:13,410,
1259,Muhammed Ghadafy,Malaysia,Male,M40-44,16:09:59,383,340,83,01:47:05,457,400,87,07:52:35,412,367,84,06:03:57,309,270,66,00:11:09,419,369,83,00:15:13,433,381,83,FIN,15:39:14,411,
1084,Kharshan Kumar,Singapore,Male,M18-24,16:08:41,381,338,9,01:31:54,268,237,8,07:59:16,429,383,8,06:06:49,323,283,7,00:16:03,518,457,9,00:14:39,423,372,8,FIN,15:39:25,412,
1583,Peeraphat Sirireung,Thailand,Male,M30-34,15:39:26,335,298,26,01:34:26,311,275,29,07:59:42,431,385,31,05:53:10,274,238,22,00:7:12,154,137,9,00:4:55,98,88,9,FIN,15:39:26,413,
1190,Mohd Shafeez Bin Jamaludin,Malaysia,Male,M35-39,15:50:56,346,307,44,01:30:43,248,219,28,07:12:57,292,263,39,06:48:17,417,372,56,00:10:34,383,339,50,00:8:26,255,220,28,FIN,15:40:56,414,
1396,Balasoorian Balakrishnan,Malaysia,Male,M45-49,16:41:17,432,384,72,01:36:44,352,312,61,07:59:55,433,387,73,06:45:35,412,367,70,00:10:17,365,324,58,00:8:47,270,234,40,FIN,15:41:18,415,
1357,Chun-Chieh Lin,Taiwan,Male,M45-49,16:41:18,433,385,73,01:57:13,515,453,94,08:03:27,442,396,74,06:21:36,355,313,60,00:10:35,386,342,65,00:8:27,256,221,38,FIN,15:41:19,416,
1173,Alsyakrin Rafwani Mohamad Kamarudin,Malaysia,Male,M35-39,15:51:19,347,308,45,01:33:00,280,248,32,07:51:19,410,366,54,06:04:39,313,273,42,00:8:26,232,205,31,00:13:55,410,362,50,FIN,15:41:19,417,
1031,Chiquito Obeso Jr.,Philippines,Male,M25-29,15:52:38,349,310,18,01:26:08,195,170,12,06:58:39,241,220,13,07:11:24,443,394,19,00:9:43,314,280,17,00:6:45,182,155,10,FIN,15:45:06,418,
1605,Chin Wei Leong,Malaysia,Male,M45-49,16:46:24,440,392,74,01:54:34,506,446,92,07:54:56,419,374,71,06:28:18,377,335,66,00:13:00,473,415,85,00:15:36,438,386,76,FIN,15:46:06,419,
1606,Nattawut Tripech,Thailand,Male,M45-49,16:46:27,441,393,75,01:39:01,385,337,69,07:38:27,371,331,62,06:57:51,432,384,74,00:13:43,485,426,88,00:17:27,450,398,80,FIN,15:46:09,420,
1129,Afiq Ruslan Roslan,Malaysia,Male,M30-34,15:47:29,343,304,27,01:25:10,187,163,19,08:01:22,438,392,32,05:45:57,255,222,21,00:7:47,193,172,12,00:27:12,493,438,35,FIN,15:47:29,421,
1377,Zulfiqar Zainuddin,Malaysia,Male,M45-49,16:50:58,447,399,76,01:49:08,476,417,82,08:16:12,466,417,80,06:14:39,340,299,55,00:12:11,447,392,79,00:18:48,464,412,84,FIN,15:50:24,422,
1398,Kamal Zainul,Malaysia,Male,M45-49,16:51:35,448,400,77,01:35:42,331,294,56,08:19:21,472,421,83,06:44:00,409,364,69,00:6:07,110,98,14,00:6:24,166,143,24,FIN,15:50:59,423,
1158,Fadzeel Munir,Malaysia,Male,M35-39,16:01:28,362,323,46,01:36:34,349,310,40,08:29:24,485,431,61,05:40:15,246,215,36,00:7:09,151,134,21,00:8:06,237,204,24,FIN,15:51:22,424,
1262,Wetchaphan Phothet,Thailand,Male,M40-44,16:22:36,399,354,84,01:43:39,420,367,77,08:15:34,465,416,95,06:05:25,316,276,68,00:9:53,333,299,70,00:8:06,238,205,47,FIN,15:51:27,425,
1237,Jovial Chan Jin Lin,Malaysia,Male,M40-44,16:23:02,400,355,85,01:18:03,103,92,23,08:13:14,462,413,94,06:23:58,362,320,78,00:12:52,467,411,94,00:14:55,428,376,81,FIN,15:51:52,426,
1181,Satoshi Wakita,Japan,Male,M35-39,16:02:00,363,324,47,01:35:37,327,291,38,07:44:58,390,348,52,06:21:44,357,315,46,00:7:52,199,176,26,00:11:50,366,322,42,FIN,15:51:53,427,
1213,Abdul Azim Rosli,Malaysia,Male,M40-44,16:23:06,401,356,86,01:26:36,200,175,39,07:27:16,344,309,72,06:53:53,424,378,90,00:9:25,295,263,64,00:25:56,492,437,98,FIN,15:51:56,428,
1208,Sharin Salim,Malaysia,Male,M35-39,16:03:40,370,330,48,01:35:36,326,290,37,07:12:24,289,261,38,06:42:20,404,359,55,00:11:45,438,384,55,00:21:35,476,422,60,FIN,15:53:32,429,
1608,Sitthisin Wansanoh,Thailand,Male,M45-49,16:56:34,453,404,78,01:38:28,375,329,67,07:46:26,395,353,68,07:14:37,446,397,77,00:8:03,210,187,32,00:9:00,281,243,41,FIN,15:55:40,430,
1289,Ahmad Radzuri Ismail,Malaysia,Male,M40-44,16:31:17,410,364,87,01:47:52,467,410,90,07:42:16,383,341,81,06:45:47,413,368,89,00:9:49,328,294,69,00:5:33,130,112,30,FIN,15:59:51,431,
1272,Suresh Sam Chandy,India,Male,M40-44,16:35:27,417,371,88,01:40:09,393,344,71,08:26:09,482,429,97,06:00:08,297,259,62,00:17:18,524,461,103,00:11:44,362,318,67,FIN,16:03:53,432,
1284,Fadzly Othman,Singapore,Male,M40-44,16:37:03,421,373,89,01:46:37,450,393,85,08:10:54,456,409,92,05:40:37,247,216,53,00:23:14,534,470,107,00:35:41,496,441,99,FIN,16:05:26,433,
1302,Adam Beal,Australia,Male,M40-44,16:38:34,427,379,90,01:31:05,254,224,51,07:54:01,417,372,85,06:57:22,430,382,91,00:10:30,377,333,75,00:5:36,134,116,31,FIN,16:06:54,434,
1293,Noorazam Noordin,Malaysia,Male,M40-44,16:38:55,428,380,91,01:44:21,424,371,79,07:57:53,423,378,86,06:36:50,397,353,87,00:10:11,357,316,72,00:9:40,305,266,57,FIN,16:07:15,435,
1163,Abel Liu Nam Han,Malaysia,Male,M35-39,16:18:48,390,347,49,01:28:07,211,185,23,07:44:18,389,347,51,06:42:18,403,358,54,00:10:31,378,334,48,00:13:34,403,356,49,FIN,16:08:31,436,
1193,Mohd Hezrul Hizham,Malaysia,Female,M35-39,16:20:12,394,45,50,01:37:06,361,44,42,07:23:50,328,32,43,06:55:39,427,47,57,00:9:01,264,30,35,00:14:35,422,51,51,FIN,16:09:54,437,
1164,Abdul Fatah Yahya,Malaysia,Male,M35-39,16:20:26,395,350,51,01:38:13,373,327,45,07:35:17,364,325,47,06:25:15,366,324,48,00:19:00,531,467,63,00:22:40,481,427,61,FIN,16:10:08,438,
1211,Khalil Fairy Baharim,Malaysia,Male,M35-39,16:21:34,397,352,52,01:38:08,372,326,44,08:03:58,444,398,59,06:12:40,336,295,45,00:10:32,379,335,49,00:16:15,442,390,55,FIN,16:11:15,439,
1201,Kuvendran Sukumaran,Malaysia,Male,M35-39,16:22:21,398,353,53,01:40:41,398,348,49,07:40:53,379,338,48,06:34:24,393,350,53,00:15:50,516,455,61,00:10:33,329,287,37,FIN,16:12:02,440,
1133,Muhammad Syazwan,Malaysia,Male,M30-34,16:13:03,386,343,28,01:33:13,287,254,27,08:15:01,463,414,33,05:59:18,292,254,23,00:13:38,484,425,36,00:11:52,367,323,27,FIN,16:13:03,441,
1116,Ahmad Hafizan Muhammad Muhayyidin,Malaysia,Male,M30-34,16:18:05,388,345,29,01:32:55,278,246,25,07:07:26,268,243,23,07:24:29,447,398,32,00:7:27,172,154,10,00:5:48,143,123,13,FIN,16:18:05,442,
1160,Abdul Hai Salleh,Malaysia,Male,M35-39,16:28:28,408,362,54,01:07:45,31,28,7,07:25:27,337,304,45,07:32:06,452,403,59,00:10:09,350,312,46,00:13:01,391,344,45,FIN,16:18:05,443,
1280,Iswadi Zaba,Singapore,Male,M40-44,16:56:26,452,403,92,01:44:54,430,376,80,08:08:48,454,407,91,06:18:01,347,306,75,00:18:59,530,466,105,00:25:44,490,435,97,FIN,16:24:12,444,
1155,Preeyesh Patil,India,Male,M35-39,16:36:05,419,372,55,01:44:40,427,374,53,07:58:28,427,381,57,06:33:06,391,348,52,00:11:19,427,375,52,00:8:32,258,223,29,FIN,16:25:37,445,
1176,Alvin Manahan,Philippines,Male,M35-39,16:37:45,423,375,56,02:04:57,529,465,62,07:42:34,385,343,50,06:31:50,388,345,51,00:7:31,176,158,24,00:10:53,348,304,41,FIN,16:27:16,446,
1167,Joel Kesavan,Malaysia,Male,M35-39,16:39:37,430,382,57,01:41:14,406,355,50,07:58:08,426,380,56,06:27:33,373,331,49,00:17:39,525,462,62,00:15:03,431,379,52,FIN,16:29:07,447,
1110,Zulfaiz Zulhasni,Malaysia,Male,M30-34,16:31:35,412,366,30,01:35:02,320,284,31,07:26:54,342,308,27,07:05:30,439,390,31,00:9:21,286,255,22,00:14:48,426,374,32,FIN,16:31:35,448,
1086,Johnson Cheah,Singapore,Male,M25-29,16:46:58,442,394,19,01:14:17,75,69,6,08:16:46,468,418,20,06:54:35,426,380,18,00:9:24,292,260,16,00:11:56,369,325,17,FIN,16:39:00,449,
1199,Drabir Alam,Bangladesh,Male,M35-39,16:53:00,449,401,58,02:10:53,533,469,63,07:50:04,405,361,53,06:30:52,382,339,50,00:10:22,371,329,47,00:10:48,342,299,39,FIN,16:42:21,450,
1623,Shun Hong Yu,Hong Kong,Male,M30-34,16:43:32,438,390,31,01:18:47,114,102,12,07:28:28,349,313,28,07:30:51,450,401,33,00:12:22,450,395,35,00:13:06,392,345,28,FIN,16:43:32,451,
1616,Sai Yee Soong,Malaysia,Male,M35-39,16:58:43,454,405,59,01:37:05,360,317,41,08:01:26,439,393,58,07:02:18,435,387,58,00:9:57,337,302,44,00:7:56,227,195,23,FIN,16:48:01,452,
1105,Kasidit Paladraksa,Thailand,Male,M30-34,16:49:19,446,398,32,01:22:07,143,126,16,08:26:33,484,430,34,06:44:18,410,365,30,00:10:53,404,356,32,00:5:29,125,108,11,FIN,16:49:19,453,
1135,Ahmad Taufiq Abdul Rahim,Malaysia,Male,M30-34,16:54:39,450,402,33,01:22:59,158,137,17,08:52:02,498,442,35,06:14:37,339,298,27,00:15:20,514,453,37,00:9:42,306,267,24,FIN,16:54:39,454,
1014,Ivan Krestinin,Turkey,Male,M35-39,00:0:0,,,,00:0:0,,,,00:0:0,,,,00:0:0,,,,00:0:0,,,,00:0:0,,,,DNS,00:0:0,,
1094,Muhammad Rabani Bin Hashim,Malaysia,Female,M25-29,00:0:0,,,,01:22:17,145,18,10,05:34:38,27,1,2,00:0:0,,,,00:4:28,44,3,3,00:5:38,136,19,7,DNF,00:0:0,,
1571,Satomi Murata,Japan,Female,F65-69,00:0:0,,,,01:51:06,490,60,2,00:0:0,,,,00:0:0,,,,00:10:11,354,40,1,00:0:0,,,,DNF,00:0:0,,
1551,Anand Patil,India,Male,M60-64,00:0:0,,,,00:0:0,,,,00:0:0,,,,00:0:0,,,,00:0:0,,,,00:0:0,,,,DNS,00:0:0,,
1240,Miko De La Paz,Philippines,Male,M40-44,00:0:0,,,,01:27:54,207,182,41,08:07:39,451,404,90,00:0:0,,,,00:14:50,505,444,101,00:8:14,249,214,50,DNF,00:0:0,,
1477,ธนภัทร ศิริพละ,Thailand,Male,M50-54,00:0:0,,,,01:48:41,471,413,71,00:0:0,,,,00:0:0,,,,00:10:08,348,310,52,00:0:0,,,,DNF,00:0:0,,
1509,Saifudin Hussein,Singapore,Male,M55-59,00:0:0,,,,01:42:09,410,359,33,07:48:18,399,356,36,00:0:0,,,,00:8:21,225,198,20,00:14:07,416,366,35,DNF,00:0:0,,
1156,Jeffrey Maslanik,United States,Male,M35-39,00:0:0,,,,00:0:0,,,,00:0:0,,,,00:0:0,,,,00:0:0,,,,00:0:0,,,,DNS,00:0:0,,
1492,Hidejiro Naito,Japan,Male,M50-54,00:0:0,,,,01:47:50,466,409,70,08:35:42,489,435,67,00:0:0,,,,00:13:29,480,421,65,00:11:26,354,310,51,DNF,00:0:0,,
1124,Wafi Fahmi,Malaysia,Male,M30-34,00:0:0,,,,02:17:51,536,472,38,00:0:0,,,,00:0:0,,,,00:10:09,349,311,26,00:0:0,,,,DNF,00:0:0,,
1362,Philip Sow,Singapore,Male,M45-49,00:0:0,,,,01:49:49,480,421,84,00:0:0,,,,00:0:0,,,,00:11:08,416,367,74,00:0:0,,,,DNF,00:0:0,,
1390,Saiful Nizam,Malaysia,Male,M45-49,00:0:0,,,,01:19:11,117,104,17,08:07:44,452,405,77,00:0:0,,,,00:12:52,464,408,82,00:13:33,402,355,67,DNF,00:0:0,,
1256,Tsae Ling Toh,Malaysia,Female,F40-44,00:0:0,,,,01:45:30,435,55,5,00:0:0,,,,00:0:0,,,,00:10:11,355,41,4,00:0:0,,,,DNF,00:0:0,,
1380,Jazredal Aboo Bakar,Malaysia,Male,M45-49,00:0:0,,,,01:34:07,306,271,49,08:44:57,495,440,89,00:0:0,,,,00:10:24,373,330,59,00:12:11,373,328,63,DNF,00:0:0,,
1363,Ahmad Nazit Rashid,Malaysia,Male,M45-49,00:0:0,,,,01:51:05,489,430,88,08:22:17,476,425,85,00:0:0,,,,00:7:01,148,131,23,00:7:36,216,185,31,DNF,00:0:0,,
1546,Tajudin Bin Mustaffa,Malaysia,Male,M60-64,00:0:0,,,,01:40:50,401,350,9,08:36:04,490,436,13,00:0:0,,,,00:18:26,527,463,13,00:19:21,471,417,13,DNF,00:0:0,,
1544,Andreas Kiefer,Germany,Male,M55-59,00:0:0,,,,01:07:50,32,29,4,06:01:32,82,77,6,00:0:0,,,,00:7:42,186,165,15,00:7:47,221,190,16,DNF,00:0:0,,
1444,Ka Chin Khor,Malaysia,Male,M50-54,00:0:0,,,,01:47:35,464,407,69,00:0:0,,,,00:0:0,,,,00:14:59,510,449,74,00:0:0,,,,DNF,00:0:0,,
1624,Mohammed Faiz Kamaludin,Malaysia,Male,M50-54,00:0:0,,,,02:16:40,535,471,77,00:0:0,,,,00:0:0,,,,00:9:10,278,247,37,00:0:0,,,,DNF,00:0:0,,
1483,Jit Tan,Malaysia,Male,M50-54,00:0:0,,,,02:03:07,525,462,75,07:59:46,432,386,59,00:0:0,,,,00:8:31,237,210,31,00:7:57,229,197,35,DNF,00:0:0,,
1225,Tang Kheang Seng,Malaysia,Male,M40-44,00:0:0,,,,01:55:28,510,448,99,08:11:12,457,410,93,00:0:0,,,,00:12:45,458,403,91,00:7:18,204,173,42,DNF,00:0:0,,
1524,Kenji Tasaka,Japan,Male,M55-59,00:0:0,,,,01:28:47,227,200,20,00:0:0,,,,00:0:0,,,,00:25:31,535,471,42,00:0:0,,,,DNF,00:0:0,,
1454,Mukasa Masahiro,Japan,Male,M50-54,00:0:0,,,,00:0:0,,,,00:0:0,,,,00:0:0,,,,00:0:0,,,,00:0:0,,,,DNS,00:0:0,,
1248,Adi Wirajaya,Indonesia,Male,M40-44,00:0:0,,,,02:04:36,528,464,106,00:0:0,,,,00:0:0,,,,00:13:17,477,418,95,00:0:0,,,,DNF,00:0:0,,
1002,Kumar Kishlay Rai,India,Male,M35-39,00:0:0,,,,00:0:0,,,,00:0:0,,,,00:0:0,,,,00:0:0,,,,00:0:0,,,,DNS,00:0:0,,
1032,Kamil Ligenza,Poland,Male,M30-34,00:0:0,,,,01:08:07,34,31,4,07:00:07,246,225,21,00:0:0,,,,00:6:58,146,129,8,00:7:12,198,168,18,DNF,00:0:0,,
1556,Akira Yamada,Japan,Male,M60-64,00:0:0,,,,00:0:0,,,,00:0:0,,,,00:0:0,,,,00:0:0,,,,00:0:0,,,,DNS,00:0:0,,
1144,Benjamin Chin,Malaysia,Male,M35-39,00:0:0,,,,02:01:38,523,460,61,00:0:0,,,,00:0:0,,,,00:12:38,455,400,57,00:0:0,,,,DNF,00:0:0,,
1460,Michael Rudolph,Germany,Male,M50-54,00:0:0,,,,00:0:0,,,,00:0:0,,,,00:0:0,,,,00:0:0,,,,00:0:0,,,,DNS,00:0:0,,
1453,Foo Sheek Hian,Malaysia,Male,M50-54,00:0:0,,,,01:45:06,431,377,62,00:0:0,,,,00:0:0,,,,00:13:19,478,419,64,00:0:0,,,,DNF,00:0:0,,
1400,Miroslav Danis,Slovakia,Male,M45-49,00:0:0,,,,01:44:10,422,369,73,00:0:0,,,,00:0:0,,,,00:17:10,523,460,95,00:0:0,,,,DNF,00:0:0,,
1369,Chin Wee Ng,Singapore,Male,M45-49,00:0:0,,,,01:20:30,130,114,19,07:59:14,428,382,72,00:0:0,,,,00:12:47,459,404,81,00:10:02,314,273,51,DNF,00:0:0,,
1206,Yit Hwa Wang,Malaysia,Male,M35-39,00:0:0,,,,00:0:0,,,,00:0:0,,,,00:0:0,,,,00:0:0,,,,00:0:0,,,,DNS,00:0:0,,
1352,Shah Jahan Bin Abdul Khalim,Malaysia,Male,M45-49,00:0:0,,,,01:09:28,45,42,7,08:15:08,464,415,79,00:0:0,,,,00:8:53,256,228,42,00:23:37,484,430,86,DNF,00:0:0,,
1283,Peng Kah Lau,Singapore,Male,M40-44,00:0:0,,,,01:40:37,397,347,73,08:29:51,487,433,99,00:0:0,,,,00:23:04,533,469,106,00:13:42,405,358,77,DNF,00:0:0,,
1534,Andrew Chadwick,United Kingdom,Male,M55-59,00:0:0,,,,00:0:0,,,,00:0:0,,,,00:0:0,,,,00:0:0,,,,00:0:0,,,,DNS,00:0:0,,
1389,Azran Fazirin Maain,Malaysia,Male,M45-49,00:0:0,,,,01:35:06,321,285,53,08:20:07,474,423,84,00:0:0,,,,00:10:14,360,319,55,00:7:37,217,186,32,DNF,00:0:0,,
1059,Nigel Anthony Lim Tat Wai,Malaysia,Male,M45-49,00:0:0,,,,01:29:18,234,207,37,07:14:05,297,268,47,00:0:0,,,,00:2:32,1,1,1,00:3:51,68,58,10,DNF,00:0:0,,
1047,Svetlana Kovaleva,Unknown,Female,F40-44,00:0:0,,,,00:0:0,,,,00:0:0,,,,00:0:0,,,,00:0:0,,,,00:0:0,,,,DNS,00:0:0,,
1314,Wan Suhazeli Wan Ahamed,Malaysia,Male,M40-44,00:0:0,,,,01:51:08,491,431,95,00:0:0,,,,00:0:0,,,,00:8:59,260,232,57,00:0:0,,,,DNF,00:0:0,,
1128,Han Wen Thooi,Malaysia,Male,M30-34,00:0:0,,,,00:0:0,,,,00:0:0,,,,00:0:0,,,,00:0:0,,,,00:0:0,,,,DNS,00:0:0,,
1329,Vijay Rajuthevar Srinivasan,India,Male,M45-49,00:0:0,,,,00:0:0,,,,00:0:0,,,,00:0:0,,,,00:0:0,,,,00:0:0,,,,DNS,00:0:0,,
1360,Rachel Taylor,United States,Female,F45-49,00:0:0,,,,00:0:0,,,,00:0:0,,,,00:0:0,,,,00:0:0,,,,00:0:0,,,,DNS,00:0:0,,
1433,Andrew Meehan,United States,Male,M50-54,00:0:0,,,,00:0:0,,,,00:0:0,,,,00:0:0,,,,00:0:0,,,,00:0:0,,,,DNS,00:0:0,,
1200,Mohd Hafiz Mohd Seth,Malaysia,Male,M35-39,00:0:0,,,,00:0:0,,,,00:0:0,,,,00:0:0,,,,00:0:0,,,,00:0:0,,,,DNS,00:0:0,,
1341,Mohd Rizwan Salleh,Malaysia,Male,M45-49,00:0:0,,,,01:35:19,324,288,55,08:18:30,471,420,82,00:0:0,,,,00:10:59,410,361,72,00:20:01,473,419,85,DNF,00:0:0,,
1392,Kien Lam Ooi,Malaysia,Male,M45-49,00:0:0,,,,00:0:0,,,,00:0:0,,,,00:0:0,,,,00:0:0,,,,00:0:0,,,,DNS,00:0:0,,
1625,Kosuke Kogure,Japan,Female,M50-54,00:0:0,,,,01:12:00,62,5,5,00:0:0,,,,00:0:0,,,,00:8:12,217,25,28,00:0:0,,,,DNF,00:0:0,,
1465,Koon Fong Lee,Hong Kong,Female,F50-54,00:0:0,,,,01:55:23,509,62,10,00:0:0,,,,00:0:0,,,,00:13:46,486,60,10,00:0:0,,,,DNF,00:0:0,,
1395,Keng Boon Edmund Koh,Singapore,Male,M45-49,00:0:0,,,,01:39:08,386,338,70,00:0:0,,,,00:0:0,,,,00:10:27,375,332,61,00:0:0,,,,DNF,00:0:0,,
1412,Larry Lanot,Philippines,Male,M45-49,00:0:0,,,,00:0:0,,,,00:0:0,,,,00:0:0,,,,00:0:0,,,,00:0:0,,,,DNS,00:0:0,,
1480,Kyounghee Kim,Korea,Female,F50-54,00:0:0,,,,00:0:0,,,,00:0:0,,,,00:0:0,,,,00:0:0,,,,00:0:0,,,,DNS,00:0:0,,
1089,Albert Martinez Jr,United States,Male,M25-29,00:0:0,,,,01:54:04,504,444,20,00:0:0,,,,00:0:0,,,,00:7:31,175,157,12,00:0:0,,,,DNF,00:0:0,,
1330,Ah Ba K,Malaysia,Male,M45-49,00:0:0,,,,00:0:0,,,,00:0:0,,,,00:0:0,,,,00:0:0,,,,00:0:0,,,,DNS,00:0:0,,
1305,Yutaka Yamanishi,Japan,Male,M40-44,00:0:0,,,,01:23:05,161,140,33,00:0:0,,,,00:0:0,,,,00:4:55,60,56,12,00:0:0,,,,DNF,00:0:0,,
1313,Minesh Koli,India,Male,M40-44,00:0:0,,,,02:03:09,526,463,105,00:0:0,,,,00:0:0,,,,00:8:48,251,223,56,00:0:0,,,,DNF,00:0:0,,
1614,Soradej Archvarin,Thailand,Male,M50-54,00:0:0,,,,01:22:40,152,133,24,08:30:28,488,434,66,00:0:0,,,,00:14:54,508,447,73,00:17:57,456,404,61,DNF,00:0:0,,
1442,Arif Sidek,Malaysia,Male,M50-54,00:0:0,,,,01:28:16,215,189,35,00:0:0,,,,00:0:0,,,,00:5:29,86,76,13,00:0:0,,,,DNF,00:0:0,,
1383,Rahayu Ahmad,Malaysia,Female,F45-49,00:0:0,,,,01:48:16,468,58,13,08:11:55,459,49,13,00:0:0,,,,00:17:41,526,64,13,00:14:47,425,52,13,DNF,00:0:0,,
1275,Mohd Hadpiz Khamsani,Malaysia,Male,M40-44,00:0:0,,,,02:05:01,530,466,107,00:0:0,,,,00:0:0,,,,00:7:21,162,145,40,00:0:0,,,,DNF,00:0:0,,
1541,David Childs,United Kingdom,Male,M55-59,00:0:0,,,,00:0:0,,,,00:0:0,,,,00:0:0,,,,00:0:0,,,,00:0:0,,,,DNS,00:0:0,,
1426,Samsul Bahari Adnan,Malaysia,Male,M50-54,00:0:0,,,,00:0:0,,,,00:0:0,,,,00:0:0,,,,00:0:0,,,,00:0:0,,,,DNS,00:0:0,,
1434,SUNIL KUMAR,India,Male,M50-54,00:0:0,,,,01:46:43,453,396,67,00:0:0,,,,00:0:0,,,,00:12:07,445,390,61,00:0:0,,,,DNF,00:0:0,,
1255,Gunjan Koli,India,Female,F40-44,00:0:0,,,,02:03:16,527,64,7,00:0:0,,,,00:0:0,,,,00:8:13,218,26,1,00:0:0,,,,DNF,00:0:0,,
1513,Teik Lee Oon,Malaysia,Male,M55-59,00:0:0,,,,01:51:09,492,432,38,00:0:0,,,,00:0:0,,,,00:14:50,506,445,39,00:0:0,,,,DNF,00:0:0,,
1353,Manish Dangi,India,Male,M45-49,00:0:0,,,,01:58:50,517,454,95,00:0:0,,,,00:0:0,,,,00:14:39,503,442,90,00:0:0,,,,DNF,00:0:0,,
1060,Siarhei Misitau,Unknown,Male,M45-49,00:0:0,,,,00:0:0,,,,00:0:0,,,,00:0:0,,,,00:0:0,,,,00:0:0,,,,DNS,00:0:0,,
1576,タツオ ハマグチ,Japan,Male,M75-79,00:0:0,,,,01:34:03,302,267,1,07:57:08,420,375,1,00:0:0,,,,00:10:06,345,308,3,00:8:12,246,212,3,DNF,00:0:0,,
1560,Eng Hin Chew,Singapore,Male,M60-64,00:0:0,,,,01:50:30,487,428,11,08:25:07,480,427,12,00:0:0,,,,00:12:52,466,410,11,00:12:18,378,333,10,DNF,00:0:0,,
1414,Yoshinori Morimura,Japan,Male,M45-49,00:0:0,,,,01:31:37,260,229,41,00:0:0,,,,00:0:0,,,,00:10:57,408,359,71,00:0:0,,,,DNF,00:0:0,,
1290,Sharatulain Norwawi,Malaysia,Female,F40-44,00:0:0,,,,01:57:21,516,63,6,08:23:55,478,52,4,00:0:0,,,,00:9:02,267,31,2,00:4:57,100,11,1,DNF,00:0:0,,
1296,Binwen Huang,Singapore,Male,M40-44,00:0:0,,,,00:0:0,,,,00:0:0,,,,00:0:0,,,,00:0:0,,,,00:0:0,,,,DNS,00:0:0,,
1368,Harrison Perabu Gunasakaran,Malaysia,Male,M45-49,00:0:0,,,,00:0:0,,,,00:0:0,,,,00:0:0,,,,00:0:0,,,,00:0:0,,,,DNS,00:0:0,,
1122,Harrison Oldridge,Singapore,Male,M30-34,00:0:0,,,,01:39:59,391,342,33,00:0:0,,,,00:0:0,,,,00:8:43,247,219,19,00:0:0,,,,DNF,00:0:0,,
1437,Seok San Ho,Singapore,Female,F50-54,00:0:0,,,,01:45:36,437,57,9,00:0:0,,,,00:0:0,,,,00:9:58,339,36,3,00:0:0,,,,DNF,00:0:0,,
1285,Dong Tran Dinh,Vietnam,Male,M40-44,00:0:0,,,,02:00:17,521,458,102,08:02:32,440,394,89,00:0:0,,,,00:9:15,281,250,61,00:11:37,361,317,66,DNF,00:0:0,,
1220,Muhamad Shazali Shairudin,Malaysia,Male,M40-44,00:0:0,,,,02:08:59,532,468,108,08:00:28,434,388,87,00:0:0,,,,00:10:49,397,351,80,00:7:00,192,164,39,DNF,00:0:0,,
1112,Thomas Casteran,France,Male,M30-34,00:0:0,,,,00:0:0,,,,00:0:0,,,,00:0:0,,,,00:0:0,,,,00:0:0,,,,DNS,00:0:0,,
1566,Midori Aoki,Japan,Female,F65-69,00:0:0,,,,01:33:05,282,33,1,08:51:20,497,56,1,00:0:0,,,,00:12:54,468,57,2,00:5:31,127,18,1,DNF,00:0:0,,
1413,Greg Alderson,Australia,Male,M45-49,00:0:0,,,,00:0:0,,,,00:0:0,,,,00:0:0,,,,00:0:0,,,,00:0:0,,,,DNS,00:0:0,,
1277,Roniy Nurdin,Malaysia,Male,M40-44,00:0:0,,,,01:31:42,262,231,53,08:41:20,493,438,100,00:0:0,,,,00:10:33,380,336,76,00:23:34,483,429,95,DNF,00:0:0,,
1185,Ming Shing To,Hong Kong,Male,M35-39,00:0:0,,,,00:0:0,,,,00:0:0,,,,00:0:0,,,,00:0:0,,,,00:0:0,,,,DNS,00:0:0,,
1495,Masahiko Kaneshiro,Japan,Male,M50-54,00:0:0,,,,01:23:41,171,150,28,00:0:0,,,,00:0:0,,,,00:9:26,297,265,42,00:0:0,,,,DNF,00:0:0,,
1269,Stanley Chow,Japan,Male,M40-44,00:0:0,,,,00:0:0,,,,00:0:0,,,,00:0:0,,,,00:0:0,,,,00:0:0,,,,DNS,00:0:0,,
1207,Kee Shen Tan,Malaysia,Male,M35-39,00:0:0,,,,01:46:40,452,395,57,07:42:17,384,342,49,00:0:0,,,,00:12:49,462,406,58,00:13:31,401,354,48,DNF,00:0:0,,
1612,Hidenobu Satoh,Japan,Male,M50-54,00:0:0,,,,00:0:0,,,,00:0:0,,,,00:0:0,,,,00:0:0,,,,00:0:0,,,,DNS,00:0:0,,
1431,Mohamad Muzamir Abu Bakar,Malaysia,Male,M50-54,00:0:0,,,,02:05:42,531,467,76,08:12:30,461,412,64,00:0:0,,,,00:14:03,491,431,69,00:19:12,468,414,62,DNF,00:0:0,,
1452,Edwin Chiew,Singapore,Male,M50-54,00:0:0,,,,01:48:47,473,414,72,00:0:0,,,,00:0:0,,,,00:15:33,515,454,76,00:0:0,,,,DNF,00:0:0,,
1408,Adnan Daeng,Singapore,Male,M45-49,00:0:0,,,,02:00:02,519,456,96,00:0:0,,,,00:0:0,,,,00:14:57,509,448,92,00:0:0,,,,DNF,00:0:0,,
1331,Yong Foo Ken,Malaysia,Male,M45-49,00:0:0,,,,01:34:10,307,272,50,07:28:20,348,312,58,00:0:0,,,,00:19:24,532,468,96,00:31:04,495,440,90,DNF,00:0:0,,
1115,Denis Lyzhin,Kyrgyzstan,Male,M30-34,00:0:0,,,,00:0:0,,,,00:0:0,,,,00:0:0,,,,00:0:0,,,,00:0:0,,,,DNS,00:0:0,,
1498,Vivian Chee,Singapore,Female,F50-54,00:0:0,,,,01:40:42,399,51,7,00:0:0,,,,00:0:0,,,,00:10:49,399,47,6,00:0:0,,,,DNF,00:0:0,,
1597,Amir Fariz Zakaria,Malaysia,Male,M40-44,00:0:0,,,,01:42:28,411,360,74,08:29:24,486,432,98,00:0:0,,,,00:5:49,101,89,25,00:0:0,,,,DNF,00:0:0,,
1391,Suparno Ahmad,Malaysia,Male,M45-49,00:0:0,,,,01:29:14,232,205,36,08:42:39,494,439,88,00:0:0,,,,00:11:13,425,373,76,00:18:01,458,406,81,DNF,00:0:0,,
1250,Fajar Arifan,Indonesia,Male,M40-44,00:0:0,,,,01:22:46,154,135,31,00:0:0,,,,00:0:0,,,,00:9:16,282,251,62,00:0:0,,,,DNF,00:0:0,,
1120,Kong Kwai Win,Malaysia,Male,M30-34,00:0:0,,,,01:33:33,295,262,28,00:0:0,,,,00:0:0,,,,00:0:0,,,,00:0:0,,,,DNF,00:0:0,,
1136,Damrongvit Mahissaya,Thailand,Male,M30-34,00:0:0,,,,01:53:21,502,442,37,07:50:57,407,363,29,00:0:0,,,,00:8:10,214,191,15,00:7:13,201,171,19,DNF,00:0:0,,
1258,Muhammad Zulfadzli Che Mustafar,Malaysia,Male,M40-44,00:0:0,,,,00:0:0,,,,00:0:0,,,,00:0:0,,,,00:0:0,,,,00:0:0,,,,DNS,00:0:0,,
1457,Aznan Abdul Aziz,Malaysia,Male,M50-54,00:0:0,,,,00:0:0,,,,00:0:0,,,,00:0:0,,,,00:0:0,,,,00:0:0,,,,DNS,00:0:0,,
1521,Minghua Liu,Taiwan,Male,M55-59,00:0:0,,,,00:0:0,,,,00:0:0,,,,00:0:0,,,,00:0:0,,,,00:0:0,,,,DNS,00:0:0,,
1198,Muhamad Hafiz Abd Hamid,Malaysia,Male,M35-39,00:0:0,,,,01:47:06,459,402,58,00:0:0,,,,00:0:0,,,,00:9:57,338,303,45,00:0:0,,,,DNF,00:0:0,,
1422,Neil Justo Hidalgo,Philippines,Male,M50-54,00:0:0,,,,01:38:37,379,333,55,07:57:34,422,377,58,00:0:0,,,,00:9:58,340,304,50,00:11:28,357,313,52,DNF,00:0:0,,
1356,Dmitriy Tyrtyshnyy,Kazakhstan,Male,M45-49,00:0:0,,,,00:0:0,,,,00:0:0,,,,00:0:0,,,,00:0:0,,,,00:0:0,,,,DNS,00:0:0,,
1266,洋 大田,Japan,Male,M40-44,00:0:0,,,,00:0:0,,,,00:0:0,,,,00:0:0,,,,00:0:0,,,,00:0:0,,,,DNS,00:0:0,,
1035,Andy Lordianto,Indonesia,Male,M35-39,00:0:0,,,,00:0:0,,,,00:0:0,,,,00:0:0,,,,00:0:0,,,,00:0:0,,,,DNS,00:0:0,,
1003,Kevin Siah,Malaysia,Male,M40-44,00:0:0,,,,00:0:0,,,,00:0:0,,,,00:0:0,,,,00:0:0,,,,00:0:0,,,,DNS,00:0:0,,
1012,Nico Ng,Singapore,Male,M30-34,00:0:0,,,,00:0:0,,,,00:0:0,,,,00:0:0,,,,00:0:0,,,,00:0:0,,,,DNS,00:0:0,,
1501,Chee Yong (Cadmon) Ho,Malaysia,Male,M55-59,00:0:0,,,,01:26:30,199,174,18,06:50:55,210,193,18,00:0:0,,,,00:9:30,301,269,25,00:7:59,233,200,17,DNF,00:0:0,,
1165,Lt Colonel Lutfi Azhar,Malaysia,Male,M35-39,00:0:0,,,,00:0:0,,,,00:0:0,,,,00:0:0,,,,00:0:0,,,,00:0:0,,,,DNS,00:0:0,,
1439,Kyung Sook Kim,Korea,Female,F50-54,00:0:0,,,,01:36:46,353,41,3,07:58:03,425,46,6,00:0:0,,,,00:9:00,262,29,2,00:8:33,259,36,4,DNF,00:0:0,,
1572,Hitone Hoshino,Japan,Female,F70-74,00:0:0,,,,01:40:31,396,50,1,00:0:0,,,,00:0:0,,,,00:16:44,522,63,1,00:0:0,,,,DNF,00:0:0,,
1601,Ankush Bhargava,India,Male,M40-44,00:0:0,,,,02:01:34,522,459,103,00:0:0,,,,00:0:0,,,,00:11:16,426,374,84,00:0:0,,,,DNF,00:0:0,,
1458,Akinori Ishii,Japan,Male,M50-54,00:0:0,,,,01:40:58,402,351,58,00:0:0,,,,00:0:0,,,,00:13:54,488,428,67,00:0:0,,,,DNF,00:0:0,,
1214,Lit Tak Kong,Malaysia,Male,M40-44,00:0:0,,,,01:33:25,293,260,60,00:0:0,,,,00:0:0,,,,00:0:0,,,,00:0:0,,,,DNF,00:0:0,,
1011,Charlene Tang,Singapore,Female,F25-29,00:0:0,,,,01:07:28,27,3,1,07:08:57,275,26,5,00:0:0,,,,00:5:24,83,9,3,00:2:43,28,6,2,DNF,00:0:0,,
1017,Shahrom Abdullah,Malaysia,Male,M40-44,00:0:0,,,,01:11:31,60,56,14,05:12:45,5,5,1,00:0:0,,,,00:4:01,19,18,6,00:2:38,23,18,6,DNF,00:0:0,,
1342,Mohd Azman Mansor,Malaysia,Male,M45-49,00:0:0,,,,01:34:12,308,273,51,08:08:50,455,408,78,00:0:0,,,,00:10:51,400,353,69,00:9:04,285,247,42,DNF,00:0:0,,
1151,Mohammad Izaidi Ismail,Malaysia,Male,M35-39,00:0:0,,,,01:29:02,230,203,26,08:07:09,449,402,60,00:0:0,,,,00:8:48,253,225,33,00:12:17,377,332,43,DNF,00:0:0,,
1470,Maximillan Chamorro,Philippines,Male,M50-54,00:0:0,,,,01:40:58,403,352,59,08:20:28,475,424,65,00:0:0,,,,00:15:03,511,450,75,00:20:40,474,420,65,DNF,00:0:0,,
1326,Asrof Abd Rauf,Malaysia,Male,M45-49,00:0:0,,,,01:24:33,179,156,27,08:51:00,496,441,90,00:0:0,,,,00:8:03,211,188,33,00:10:20,325,283,55,DNF,00:0:0,,
1475,Takeshi Shimamura,Japan,Male,M50-54,00:0:0,,,,01:37:50,368,322,54,08:12:28,460,411,63,00:0:0,,,,00:8:58,259,231,35,00:3:57,77,67,8,DNF,00:0:0,,
1542,Yuki Ando,Japan,Female,F55-59,00:0:0,,,,01:30:19,246,29,4,08:18:17,470,51,3,00:0:0,,,,00:4:10,24,2,1,00:0:0,,,,DNF,00:0:0,,